Tatangeli|Geremia|M|14/11/1905|TTNGRM05S14B950F|Bordano|Friuli-Venezia Giulia|UD|33010
Fornaciari|Melchiorre|M|10/10/1976|FRNMCH76R10G587V|Serra San Quirico|Marche|AN|60048
Bertagnini|Valeriano|M|09/03/1916|BRTVRN16C09L408O|Villanova Canavese|Piemonte|TO|10070
Pierone|Salomone|M|05/10/2003|PRNSMN03R05H522L|Novi di Modena|Emilia Romagna|MO|41016
Bagatto|Milena|F|04/11/1946|BGTMLN46S44E034C|Corte dè Cortesi con Cignone|Lombardia|CR|26020
Nocito|Emilia|F|28/02/1994|NCTMLE94B68C456H|Crocetta del Montello|Veneto|TV|31035
Di Maggio|Enzo|M|27/05/1953|DMGNZE53E27L883H|Bagnacavallo|Emilia Romagna|RA|48012
Cocuzza|Serafina|F|24/08/2019|CCZSFN19M64I128P|Ciriè|Piemonte|TO|10073
Pugliese|Ausilia|F|04/11/2018|PGLSLA18S44H845H|Impruneta|Toscana|FI|50023
Medeot|Virginio|M|27/11/1973|MDTVGN73S27I171U|Baradili|Sardegna|OR|09090
Teli|Alessandra|F|13/06/1977|TLELSN77H53A884D|Agrate Conturbia|Piemonte|NO|28010
Polelli|Miriam|F|17/02/1994|PLLMRM94B57C539G|Costermano|Veneto|VR|37010
Fessia|Carolina|F|06/01/1985|FSSCLN85A46H647T|Gerenzago|Lombardia|PV|27010
Bolia|Amerigo|M|26/11/2008|BLOMRG08S26G197O|Frosolone|Molise|IS|86095
Laviano|Ezio|M|04/09/1982|LVNZEI82P04B979O|Perosa Argentina|Piemonte|TO|10063
Anzivino|Mina|F|18/09/1993|NZVMNI93P58E425S|San Salvo|Abruzzo|CH|66050
Salviato|Alfio|M|20/12/1910|SLVLFA10T20G752D|Campofelice di Fitalia|Sicilia|PA|90030
Tironi|Gabriele|M|15/04/2000|TRNGRL00D15C813X|Uzzano|Toscana|PT|51017
Iampis|Tazio|M|26/04/2007|MPSTZA07D26A643P|Melfi|Basilicata|PZ|85025
Murani|Cesare|M|22/09/1944|MRNCSR44P22F002Q|Salmour|Piemonte|CN|12040
Garibaldi|Lia|F|15/06/1964|GRBLIA64H55B379W|Piana degli Albanesi|Sicilia|PA|90037
Giambò|Umberto|M|22/06/1912|GMBMRT12H22A143Z|Castelpizzuto|Molise|IS|86090
Battezzato|Tina|F|16/12/2003|BTTTNI03T56G179W|Villa Santa Lucia degli Abruzzi|Abruzzo|AQ|67020
Anzuino|Angela|F|24/07/1911|NZNNGL11L64H173P|Cino|Lombardia|SO|23010
Speri|Milena|F|25/09/1926|SPRMLN26P65L658R|Vallermosa|Sardegna|CA|09010
Confuorto|Ruggero|M|04/04/1967|CNFRGR67D04A329S|Gifflenga|Piemonte|VC|13030
Malavasi|Lea|F|01/10/1983|MLVLEA83R41L248C|Carlazzo|Lombardia|CO|22010
Merlo|Italo|M|05/11/1966|MRLTLI66S05E479B|Costa dè Nobili|Lombardia|PV|27010
Rosa|Amleto|M|09/01/1943|RSOMLT43A09A541T|Acquaviva d'Isernia|Molise|IS|86080
Lochis|Rosalinda|F|18/07/1931|LCHRLN31L58H129T|Vanzone con San Carlo|Piemonte|NO|28030
Paolillo|Ercole|M|30/07/1980|PLLRCL80L30F726N|Portigliola|Calabria|RC|89040
Falaschi|Panfilo|M|05/06/1972|FLSPFL72H05F685J|Cervere|Piemonte|CN|12040
Follador|Spartaco|M|27/01/1931|FLLSRT31A27A029V|Liveri|Campania|NA|80030
Battisti|Efrem|M|31/07/1908|BTTFRM08L31L237G|Pettoranello del Molise|Molise|IS|86090
Gosparini|Isacco|M|20/12/1925|GSPSCC25T20H219S|Civitaquana|Abruzzo|PE|65010
Scambiati|Nico|M|04/06/1902|SCMNCI02H04D402A|San Marco Argentino|Calabria|CS|87018
Isaja|Candido|M|05/07/1963|SJICDD63L05A000L|Orio al Serio|Lombardia|BG|24050
Pantaleone|Gionata|M|22/07/1979|PNTGNT79L22M104D|Bagnoli del Trigno|Molise|IS|86091
Zurrida|Lodovico|M|09/02/1938|ZRRLVC38B09I948D|Limbadi|Calabria|CZ|88030
Redaelli|Alida|F|01/10/1953|RDLLDA53R41L833X|Bologna|Emilia Romagna|BO|40100
Petronio|Pia|F|20/04/2008|PTRPIA08D60I605T|Castiglion Fibocchi|Toscana|AR|52029
Baldessarre|Rinaldo|M|10/06/1950|BLDRLD50H10F001C|Ponti|Piemonte|AL|15010
Possenti|Adamo|M|02/03/1995|PSSDMA95C02H618C|Tornata|Lombardia|CR|26030
Falzoni|Novella|F|19/09/1991|FLZNLL91P59G311K|Serralunga d'Alba|Piemonte|CN|12050
Petitto|Gionata|M|29/10/2017|PTTGNT17R29E067R|Belgioioso|Lombardia|PV|27011
Mennoni|Aristo|M|31/03/1910|MNNRST10C31I335I|Moena|Trentino Alto Adige|TN|38035
Rado|Amalia|F|25/04/1905|RDAMLA05D65F218M|Pianico|Lombardia|BG|24060
Lubrano|Albano|M|18/06/2017|LBRLBN17H18F309K|Melle|Piemonte|CN|12020
Spiotti|Samanta|F|06/11/1924|SPTSNT24S46I315L|Oliveto Lario|Lombardia|CO|22030
Marcolongo|Adelchi|M|14/09/1938|MRCDCH38P14A520V|Caprie|Piemonte|TO|10040
Meroni|Iside|F|17/03/1916|MRNSDI16C57I687N|Castellar Guidobono|Piemonte|AL|15050
Spoldi|Telemaco|M|16/09/1923|SPLTMC23P16L039D|San Piero Patti|Sicilia|ME|98068
Cadenazzi|Milena|F|09/02/1911|CDNMLN11B49I499A|Salice Salentino|Puglia|LE|73015
Celestini|Sibilla|F|13/01/1910|CLSSLL10A53F626H|Miagliano|Piemonte|VC|13060
Postregna|Sansone|M|01/03/1994|PSTSSN94C01L168O|Bagaladi|Calabria|RC|89060
Lellis|Alida|F|17/10/1974|LLLLDA74R57A327K|Fregona|Veneto|TV|31010
Balladore|Rosamunda|F|14/04/1975|BLLRMN75D54E358L|Bucine|Toscana|AR|52021
Zurro|Barbara|F|19/10/1942|ZRRBBR42R59C530A|Commezzadura|Trentino Alto Adige|TN|38020
Zecca|Ilaria|F|22/05/2006|ZCCLRI06E62L593U|Tratalias|Sardegna|CA|09010
Ajello|Orietta|F|17/02/1937|JLLRTT37B57L145U|Cappelle sul Tavo|Abruzzo|PE|65010
Tripodi|Barbara|F|17/06/1910|TRPBBR10H57M093Q|Capracotta|Molise|IS|86082
Boschi|Floriana|F|16/08/2020|BSCFRN20M56I831S|Canosa Sannita|Abruzzo|CH|66010
Pontello|Gaetano|M|23/04/1981|PNTGTN81D23L097H|Saint-Christophe|Val D'Aosta|AO|11020
Feregotto|Penelope|F|30/03/1925|FRGPLP25C70M082Y|San Pietro al Tanagro|Campania|SA|84030
Lecca|Rebecca|F|17/12/1996|LCCRCC96T57B033G|Giarole|Piemonte|AL|15036
Albrici|Ilda|F|14/11/1976|LBRLDI76S54B670I|Tione degli Abruzzi|Abruzzo|AQ|67020
Bruzzi|Guido|M|27/02/1966|BRZGDU66B27L894F|Montepulciano|Toscana|SI|53045
Chiabra|Marco|M|22/02/1904|CHBMRC04B22A367Y|Crispiano|Puglia|TA|74012
Folla|Milo|M|09/05/2000|FLLMLI00E09B825O|Griante|Lombardia|CO|22011
Scandella|Taddeo|M|05/10/2002|SCNTDD02R05I653S|Centrache|Calabria|CZ|88060
Faedda|Lucrezia|F|07/11/1962|FDDLRZ62S47A776A|Montorio nei Frentani|Molise|CB|86040
Pepa|Marcella|F|21/04/1943|PPEMCL43D61L211T|Vaprio d'Agogna|Piemonte|NO|28010
Baronti|Candido|M|10/02/1935|BRNCDD35B10E205H|San Salvatore Monferrato|Piemonte|AL|15046
Antignano|Simona|F|04/01/1921|NTGSMN21A44I635G|Roccamorice|Abruzzo|PE|65020
Giustino|Alighiero|M|23/01/2019|GSTLHR19A23C119F|Oliveri|Sicilia|ME|98060
Fermi|Amerigo|M|17/04/1970|FRMMRG70D17I132C|Castrocielo|Lazio|FR|03030
Dellamorte|Filiberto|M|08/03/1960|DLLFBR60C08E548T|Controguerra|Abruzzo|TE|64010
Rozzi|Remo|M|09/10/1925|RZZRME25R09C829W|Mezzago|Lombardia|MI|20050
Liuzzo|Sante|M|20/06/1943|LZZSNT43H20E388X|Monte San Vito|Marche|AN|60037
Biancacci|Sigismondo|M|07/05/1924|BNCSSM24E07I393W|Santo Stefano di Rogliano|Calabria|CS|87056
Spagliardi|Ponzio|M|14/03/1949|SPGPNZ49C14A808R|Concordia Sagittaria|Veneto|VE|30023
Luzzatti|Ladislao|M|26/07/2005|LZZLSL05L26E335K|Poiana Maggiore|Veneto|VI|36026
Olivero|Giliola|F|12/12/1993|LVRGLL93T52L371X|Melilli|Sicilia|SR|96010
Vincenzo|Mara|F|30/04/1938|VNCMRA38D70G435F|San Sostene|Calabria|CZ|88060
Piloti|Alida|F|15/05/2002|PLTLDA02E55F341O|Turania|Lazio|RI|02020
Parmigiani|Egidio|M|30/11/1994|PRMGDE94S30L654G|Villa Biscossi|Lombardia|PV|27035
Azzali|Priscilla|F|23/02/1907|ZZLPSC07B63F764J|Cittiglio|Lombardia|VA|21033
Marsilli|Ersilia|F|16/06/1958|MRSRSL58H56L333R|Castellafiume|Abruzzo|AQ|67050
Zanchetto|Goffredo|M|13/02/1953|ZNCGFR53B13A177V|Rubiana|Piemonte|TO|10040
Verticale|Livia|F|13/01/1990|VRTLVI90A53A000C|Ussita|Marche|MC|62030
Tripodi|Barbara|F|17/06/1910|TRPBBR10H57M093Q|Capracotta|Molise|IS|86082
Boschi|Floriana|F|16/08/2020|BSCFRN20M56I831S|Canosa Sannita|Abruzzo|CH|66010
Pontello|Gaetano|M|23/04/1981|PNTGTN81D23L097H|Saint-Christophe|Val D'Aosta|AO|11020
Feregotto|Penelope|F|30/03/1925|FRGPLP25C70M082Y|San Pietro al Tanagro|Campania|SA|84030
Lecca|Rebecca|F|17/12/1996|LCCRCC96T57B033G|Giarole|Piemonte|AL|15036
Albrici|Ilda|F|14/11/1976|LBRLDI76S54B670I|Tione degli Abruzzi|Abruzzo|AQ|67020
Bruzzi|Guido|M|27/02/1966|BRZGDU66B27L894F|Montepulciano|Toscana|SI|53045
Chiabra|Marco|M|22/02/1904|CHBMRC04B22A367Y|Crispiano|Puglia|TA|74012
Folla|Milo|M|09/05/2000|FLLMLI00E09B825O|Griante|Lombardia|CO|22011
Scandella|Taddeo|M|05/10/2002|SCNTDD02R05I653S|Centrache|Calabria|CZ|88060
Faedda|Lucrezia|F|07/11/1962|FDDLRZ62S47A776A|Montorio nei Frentani|Molise|CB|86040
Pepa|Marcella|F|21/04/1943|PPEMCL43D61L211T|Vaprio d'Agogna|Piemonte|NO|28010
Baronti|Candido|M|10/02/1935|BRNCDD35B10E205H|San Salvatore Monferrato|Piemonte|AL|15046
Antignano|Simona|F|04/01/1921|NTGSMN21A44I635G|Roccamorice|Abruzzo|PE|65020
Giustino|Alighiero|M|23/01/2019|GSTLHR19A23C119F|Oliveri|Sicilia|ME|98060
Fermi|Amerigo|M|17/04/1970|FRMMRG70D17I132C|Castrocielo|Lazio|FR|03030
Dellamorte|Filiberto|M|08/03/1960|DLLFBR60C08E548T|Controguerra|Abruzzo|TE|64010
Rozzi|Remo|M|09/10/1925|RZZRME25R09C829W|Mezzago|Lombardia|MI|20050
Liuzzo|Sante|M|20/06/1943|LZZSNT43H20E388X|Monte San Vito|Marche|AN|60037
Biancacci|Sigismondo|M|07/05/1924|BNCSSM24E07I393W|Santo Stefano di Rogliano|Calabria|CS|87056
Spagliardi|Ponzio|M|14/03/1949|SPGPNZ49C14A808R|Concordia Sagittaria|Veneto|VE|30023
Luzzatti|Ladislao|M|26/07/2005|LZZLSL05L26E335K|Poiana Maggiore|Veneto|VI|36026
Olivero|Giliola|F|12/12/1993|LVRGLL93T52L371X|Melilli|Sicilia|SR|96010
Vincenzo|Mara|F|30/04/1938|VNCMRA38D70G435F|San Sostene|Calabria|CZ|88060
Piloti|Alida|F|15/05/2002|PLTLDA02E55F341O|Turania|Lazio|RI|02020
Parmigiani|Egidio|M|30/11/1994|PRMGDE94S30L654G|Villa Biscossi|Lombardia|PV|27035
Azzali|Priscilla|F|23/02/1907|ZZLPSC07B63F764J|Cittiglio|Lombardia|VA|21033
Marsilli|Ersilia|F|16/06/1958|MRSRSL58H56L333R|Castellafiume|Abruzzo|AQ|67050
Zanchetto|Goffredo|M|13/02/1953|ZNCGFR53B13A177V|Rubiana|Piemonte|TO|10040
Verticale|Livia|F|13/01/1990|VRTLVI90A53A000C|Ussita|Marche|MC|62030
Sportello|Rosa|F|24/05/1975|SPRRSO75E64C024I|Savelli|Calabria|CZ|88077
Fantin|Margherita|F|06/12/1953|FNTMGH53T46B626A|Villamagna|Abruzzo|CH|66010
Brunini|Ermenegarda|F|05/01/1946|BRNRNG46A45L820Q|Torrita Tiberina|Lazio|RM|00060
Ansolini|Casimira|F|02/04/1913|NSLCMR13D42D719K|Costarainera|Liguria|IM|18017
Mureddu|Rodolfo|M|25/01/1926|MRDRLF26A25A783X|Pozza di Fassa|Trentino Alto Adige|TN|38036
Chierichini|Carmine|M|04/11/1963|CHRCMN63S04G212F|Siddi|Sardegna|CA|09020
Mengardo|Mirko|M|04/08/1926|MNGMRK26M04H509Z|Venasca|Piemonte|CN|12020
Melo|Gianluigi|M|27/01/1923|MLEGLG23A27C973P|Assago|Lombardia|MI|20090
Di Salvo|Emma|F|27/07/1919|DSLMME19L67B367A|Greci|Campania|AV|87035
Tropea|Lorenza|F|28/01/1917|TRPLNZ17A68D568I|Soragna|Emilia Romagna|PR|43019
Annunzio|Linda|F|14/03/1999|NNNLND99C54A000I|San Michele al Tagliamento|Veneto|VE|30028
Picolli|Amos|M|10/02/1999|PCLMSA99B10I497E|Soliera|Emilia Romagna|MO|41019
Zampolla|Quirino|M|23/05/1901|ZMPQRN01E23I653A|Letojanni|Sicilia|ME|98037
Inguanti|Patroclo|M|01/05/1969|NGNPRC69E01A016R|Pietra dè Giorgi|Lombardia|PV|27040
Rapetti|Adelchi|M|19/06/2004|RPTDCH04H19A139Q|Sesto Fiorentino|Toscana|FI|50019
Landolfi|Ebe|F|15/04/1983|LNDBEE83D55H284K|Manciano|Toscana|GR|58014
Caldonazzo|Luigi|M|21/04/1911|CLDLGU11D21D520U|Nocera Superiore|Campania|SA|84015
Raisi|Celeste|F|14/10/1973|RSACST73R54F814G|Maiolo|Marche|PU|61010
Pagan|Basilio|M|20/04/2012|PGNBSL12D20I219W|Campobello di Mazara|Sicilia|TP|91021
Tufo|Sandra|F|05/06/1906|TFUSDR06H45I905E|Piuro|Lombardia|SO|23020
Grispo|Eliana|F|19/11/1972|GRSLNE72S59I066K|Ficulle|Umbria|TR|05016
Sardi|Paola|F|07/02/1932|SRDPLA32B47L620K|Busachi|Sardegna|OR|09082
Bandino|Priamo|M|08/06/1950|BNDPRM50H08D459M|Scano di Montiferro|Sardegna|OR|09078
Giacometti|Leone|M|07/02/1933|GCMLNE33B07E307V|Alluvioni Cambiò|Piemonte|AL|15040
Folco|Severo|M|14/01/1989|FLCSVR89A14L649I|Castiglione della Pescaia|Toscana|GR|58043
Gervasoni|Domenico|M|24/08/1900|GRVDNC00M24D733X|Arce|Lazio|FR|03032
Mastroianni|Glauco|M|19/09/2015|MSTGLC15P19E922U|Mottola|Puglia|TA|74017
Parteli|Eulalia|F|11/12/1927|PRTLLE27T51G478V|Papasidero|Calabria|CS|87020
Ravazzini|Ildefonso|M|03/11/1997|RVZLFN97S03H560H|Baranello|Molise|CB|86011
Arus|Liviana|F|10/04/1990|RSALVN90D50I294W|Coassolo Torinese|Piemonte|TO|10070
Marzucco|Lanfranco|M|22/11/1959|MRZLFR59S22C677Z|Soriso|Piemonte|NO|28018
Carta|Ginevra|F|08/09/1976|CRTGVR76P48B536U|Terzorio|Liguria|IM|18010
Iacovitti|Ornella|F|26/04/1976|CVTRLL76D66F287C|Aiello del Friuli|Friuli-Venezia Giulia|UD|33041
Pievani|Tullio|M|29/09/1909|PVNTLL09P29G712N|Capurso|Puglia|BA|70010
Faenza|Angela|F|16/06/1931|FNZNGL31H56C240P|Fosciandora|Toscana|LU|55020
Cadorini|Barbara|F|11/06/1922|CDRBBR22H51H291G|Rio Marina|Toscana|LI|57038
Scurci|Samanta|F|30/08/1972|SCRSNT72M70L192T|Seren del Grappa|Veneto|BL|32030
Evangelisti|Carla|F|14/08/1919|VNGCRL19M54L647R|Melicuccà|Calabria|RC|89020
Mancinelli|Vittorio|M|06/07/1979|MNCVTR79L06E429N|Arpino|Lazio|FR|03033
Pierucci|Nicolò|M|15/11/1980|PRCNCL80S15G275A|Arzignano|Veneto|VI|36071
Severgnini|Mia|F|10/01/1968|SVRMIA68A50C530R|Barchi|Marche|PU|46040
Rimoli|Santo|M|15/09/1954|RMLSNT54P15C556U|Ricengo|Lombardia|CR|26010
Chiodi|Marta|F|04/04/2012|CHDMRT12D44L963V|Leggiuno|Lombardia|VA|21038
De Cristofano|Lea|F|30/08/1906|DCRLEA06M70L369L|Lipari|Sicilia|ME|98055
Fiori|Raniero|M|19/10/1991|FRIRNR91R19B368G|Norcia|Umbria|PG|06046
Flores|Procopio|M|05/08/1987|FLRPCP87M05G151F|Siamanna|Sardegna|OR|09080
Muscariello|Emiliana|F|10/03/1951|MSCMLN51C50L397J|Corte dè Cortesi con Cignone|Lombardia|CR|26020
Demarco|Maurizio|M|04/07/2017|DMRMRZ17L04D682T|Montecchio Emilia|Emilia Romagna|RE|42027
Cilli|Natalia|F|15/01/1942|CLLNTL42A55B996E|Martinsicuro|Abruzzo|TE|64014
Morici|Saverio|M|20/04/1959|MRCSVR59D20F172E|La Cassa|Piemonte|TO|10040
Caldarola|Bruna|F|22/03/1989|CLDBRN89C62B819B|La Spezia|Liguria|SP|19100
Bozzi|Flora|F|16/01/1975|BZZFLR75A56M088B|Busca|Piemonte|CN|12022
Berisso|Piergiorgio|M|12/02/1932|BRSPGR32B12M091J|Force|Marche|AP|63045
Nappi|Gianpietro|M|18/08/1918|NPPGPT18M18G606S|Germagnano|Piemonte|TO|10070
Spiotta|Adamo|M|27/09/1985|SPTDMA85P27B960H|Larciano|Toscana|PT|51036
Sodani|Amintore|M|23/04/1974|SDNMTR74D23B717V|Santa Sofia|Emilia Romagna|FO|47018
Bonfadini|Carlotta|F|22/04/1948|BNFCLT48D62F814Q|San Germano dei Berici|Veneto|VI|36040
Santoni|Isotta|F|18/11/1991|SNTSTT91S58E422M|Gargnano|Lombardia|BS|25084
Feletto|Aurelio|M|04/07/1914|FLTRLA14L04G116U|Santa Marina Salina|Sicilia|ME|98050
Curotto|Isotta|F|28/08/2004|CRTSTT04M68I477U|Zoagli|Liguria|GE|16030
Culoso|Sigfrido|M|09/06/1910|CLSSFR10H09E818B|Monte Cremasco|Lombardia|CR|26010
Guzzanti|Gino|M|19/07/1976|GZZGNI76L19B031V|Larciano|Toscana|PT|51036
Barreca|Carmela|F|11/06/1995|BRRCML95H51F857U|Terralba|Sardegna|OR|09098
Vinciguerra|Loris|M|21/10/1916|VNCLRS16R21G097K|Villa del Conte|Veneto|PD|35010
Ciardo|Oronzo|M|10/07/1939|CRDRNZ39L10E731H|Cura Carpignano|Lombardia|PV|27010
Denti|Cristiano|M|18/09/1980|DNTCST80P18E462D|San Giovanni Incarico|Lazio|FR|03028
Cassarotto|Cirillo|M|03/08/1999|CSSCLL99M03C330Q|Ponte San nicolò|Veneto|PD|35020
Miesi|Gianluca|M|04/02/1945|MSIGLC45B04G123B|Rosta|Piemonte|TO|10090
Petrozzo|Baldo|M|15/06/1997|PTRBLD97H15F047U|Seppiana|Piemonte|NO|28030
Piscitello|Cloe|F|22/04/1984|PSCCLO84D62I720L|Triora|Liguria|IM|18010
Autuori|Florina|F|09/02/1943|TRAFRN43B49L558N|Pian Camuno|Lombardia|BS|25050
Biamonte|Aureliano|M|13/09/1987|BMNRLN87P13B077Z|Masera|Piemonte|NO|28030
Ginghini|Casimira|F|09/12/1925|GNGCMR25T49G546L|Anacapri|Campania|NA|80071
Tedeschi|Tobia|M|24/12/1936|TDSTBO36T24A413N|Andriano|Trentino Alto Adige|BZ|39018
Sandro|Luigi|M|01/09/1966|SNDLGU66P01F504Z|Carpinone|Molise|IS|86093
Asnago|Mariella|F|19/09/1951|SNGMLL51P59E763O|Medolago|Lombardia|BG|24030
Saracino|Benito|M|01/12/1971|SRCBNT71T01I484K|Bresso|Lombardia|MI|20091
Mesiano|Stefano|M|07/02/1938|MSNSFN38B07G574L|Mercato San Severino|Campania|SA|84085
Ermagora|Alcibiade|M|03/09/2017|RMGLBD17P03G982C|Castel d'Azzano|Veneto|VR|37060
Toni|Dario|M|10/04/1965|TNODRA65D10H229J|Prezza|Abruzzo|AQ|67030
Vignati|Pericle|M|05/10/1910|VGNPCL10R05A075F|Mozzecane|Veneto|VR|37060
Berri|Gianmarco|M|25/04/1998|BRRGMR98D25F172E|Paullo|Lombardia|MI|20067
Brancato|Clelia|F|27/09/1928|BRNCLL28P67E566B|Peglio|Lombardia|CO|22010
Labate|Miranda|F|22/09/2019|LBTMND19P62B044O|Badia Polesine|Veneto|RO|45021
Fuselli|Martina|F|06/12/1965|FSLMTN65T46B687M|Modugno|Puglia|BA|70026
Murillo|Ofelia|F|25/03/1957|MRLFLO57C65B158B|Salerano sul Lambro|Lombardia|MI|20090
Cavoti|Concetta|F|13/01/1962|CVTCCT62A53C705Y|Valle di Maddaloni|Campania|CE|81020
Carcano|Onorina|F|18/08/1913|CRCNRN13M58E522A|Dignano|Friuli-Venezia Giulia|UD|33030
Badesso|Maurilio|M|12/03/2019|BDSMRL19C12L929R|Montecopiolo|Marche|PU|61014
Tommasini|Onorina|F|08/01/1975|TMMNRN75A48A535X|Tovo di Sant'Agata|Lombardia|SO|23030
Tani|Simeone|M|13/12/1952|TNASMN52T13M100X|San Nicola la Strada|Campania|CE|81020
Taormina|Medoro|M|02/12/1940|TRMMDR40T02L508A|Vaiano Cremasco|Lombardia|CR|26010
Gennai|Clodoveo|M|10/04/1952|GNNCDV52D10I007Y|Bollengo|Piemonte|TO|10012
Zocca|Giacobbe|M|04/09/1948|ZCCGBB48P04I234N|Guspini|Sardegna|CA|09036
Crescimbeni|Terenzio|M|06/04/1954|CRSTNZ54D06H531E|Ospedaletto d'Alpinolo|Campania|AV|83014
Rustichelli|Gillo|M|28/09/1918|RSTGLL18P28F904Y|Zubiena|Piemonte|VC|13050
Catalini|Moreno|M|19/07/1942|CTLMRN42L19C884G|Valpelline|Val D'Aosta|AO|11010
Porto|Filiberto|M|21/10/1930|PRTFBR30R21G252Q|Seggiano|Toscana|GR|58038
Gamberale|Benvenuto|M|15/10/1900|GMBBVN00R15G418F|Roncola|Lombardia|BG|24030
Nero|Romina|F|20/07/1992|NRERMN92L60E068C|Calangianus|Sardegna|SS|07023
Robertone|Cristina|F|29/07/2004|RBRCST04L69D628V|Champorcher|Val D'Aosta|AO|11020
Aresti|Liliana|F|14/06/2000|RSTLLN00H54L083X|Quistello|Lombardia|MN|46026
Garzon|Alfio|M|26/11/1915|GRZLFA15S26D277P|Bronte|Sicilia|CT|95034
Mazzaresi|Egle|F|17/08/1924|MZZGLE24M57F059F|Nuxis|Sardegna|CA|09010
Tasca|Arduino|M|01/12/1925|TSCRDN25T01H319E|Lustra|Campania|SA|84050
Lucchetti|Sansone|M|08/02/1945|LCCSSN45B08I545V|Gignod|Val D'Aosta|AO|11010
Rasi|Giacomo|M|07/12/1995|RSAGCM95T07G442B|Colognola ai Colli|Veneto|VR|37030
Bertaina|Cleo|F|17/04/1930|BRTCLE30D57G654I|San Pietro al Tanagro|Campania|SA|84030
Vanoni|Gennaro|M|12/02/2019|VNNGNR19B12I234W|Reitano|Sicilia|ME|98070
Danese|Leo|M|14/10/1960|DNSLEO60R14C841U|Saltara|Marche|PU|61030
Valeriana|Dalila|F|22/11/1906|VLRDLL06S62C513W|Macerata|Marche|MC|62100
Defeo|Lorella|F|15/03/1905|DFELLL05C55M070T|Sparone|Piemonte|TO|10080
Velardi|Melissa|F|01/08/1907|VLRMSS07M41F414V|Esperia|Lazio|FR|03045
Galvanini|Leone|M|03/03/1949|GLVLNE49C03G872I|Ururi|Molise|CB|86049
Benati|Maria|F|22/08/1936|BNTMRA36M62E729D|Motta Santa Lucia|Calabria|CZ|89065
Naselli|Ugo|M|03/09/1972|NSLGUO72P03A836O|San Martino del Lago|Lombardia|CR|26040
Ferragutti|Manuele|M|14/05/1924|FRRMNL24E14A131I|Papozze|Veneto|RO|45010
Botticelli|Florina|F|11/04/1949|BTTFRN49D51E993A|Terranova Sappo Minulio|Calabria|RC|89010
Vitelli|Ulrico|M|30/05/1931|VTLLRC31E30I622B|Collevecchio|Lazio|RI|02042
Schipani|Diana|F|09/04/1981|SCHDNI81D49G977J|Prevalle|Lombardia|BS|25080
Biondi|Anacleto|M|31/01/1974|BNDNLT74A31I929D|Chiusdino|Toscana|SI|53012
Sarcì|Martino|M|08/01/2014|SRCMTN14A08G922B|Rimini|Emilia Romagna|FO|47037
Sponchiado|Remigio|M|18/03/1954|SPNRMG54C18A553Z|Polonghera|Piemonte|CN|12030
Bertocchio|Vinicio|M|31/03/1981|BRTVNC81C31C774H|Bruzzano Zeffirio|Calabria|RC|89030
Recine|Francesco|M|02/07/1933|RCNFNC33L02A369G|Termeno sulla Strada del Vino|Trentino Alto Adige|BZ|39040
Tirinzoni|Vasco|M|21/03/2018|TRNVSC18C21B514V|Boscotrecase|Campania|NA|80042
Franca|Zeno|M|17/06/1963|FRNZNE63H17I643E|Montà|Piemonte|CN|35100
Curio|Giuseppe|M|15/12/1919|CRUGPP19T15A808H|Rocca Grimalda|Piemonte|AL|15078
Maranzana|Amintore|M|24/01/2002|MRNMTR02A24A892Q|Medea|Friuli-Venezia Giulia|GO|34070
Scattone|Pancrazio|M|20/05/1908|SCTPCR08E20F042X|Manerba del Garda|Lombardia|BS|25080
Beo|Franco|M|21/05/1920|BEOFNC20E21C884S|Casarile|Lombardia|MI|20080
Carlucci|Rosamunda|F|26/04/1921|CRLRMN21D66G453F|Lucito|Molise|CB|86030
Passatori|Alcibiade|M|02/10/1901|PSSLBD01R02I193I|Selvazzano Dentro|Veneto|PD|35030
Mingolini|Donato|M|19/08/1964|MNGDNT64M19G664B|Palazzago|Lombardia|BG|24030
Rozzoni|Manuela|F|18/06/2013|RZZMNL13H58C681M|Vigone|Piemonte|TO|10067
Annunzi|Mirella|F|27/03/1912|NNNMLL12C67L127K|Parella|Piemonte|TO|10010
Formisano|Valfredo|M|18/08/1954|FRMVFR54M18A690X|Bagnaria Arsa|Friuli-Venezia Giulia|UD|33050
Lucchesi|Adriano|M|11/09/1919|LCCDRN19P11H765N|Roccella Ionica|Calabria|RC|89047
Baiocco|Augusto|M|02/07/2010|BCCGST10L02I012Q|Cervignano d'Adda|Lombardia|MI|20060
Petrazzuolo|Maurilio|M|10/11/2017|PTRMRL17S10G075F|Neviglie|Piemonte|CN|12050
Gastoldi|Walter|M|26/01/1985|GSTWTR85A26C836Z|Pesaro|Marche|PU|61100
Aiello|Gerolamo|M|16/06/1925|LLAGLM25H16M069R|Mercogliano|Campania|AV|83013
Valcasali|Viviano|M|05/01/1954|VLCVVN54A05H100F|Roverbella|Lombardia|MN|46048
Foschini|Eva|F|09/11/1907|FSCVEA07S49B085E|Tavagnasco|Piemonte|TO|10010
Balestrieri|Pomponio|M|11/05/1945|BLSPPN45E11L539W|Vietri di Potenza|Basilicata|PZ|85058
Pilutzu|Marcello|M|10/02/1950|PLTMCL50B10E905F|Acerenza|Basilicata|PZ|85011
Vanzi|Clemente|M|23/07/1920|VNZCMN20L23F113G|Civitella Paganico|Toscana|GR|58045
Rimolo|Silvestro|M|25/12/1910|RMLSVS10T25B851U|Soragna|Emilia Romagna|PR|43019
Pennese|Elettra|F|21/03/1916|PNNLTR16C61G649L|Gattatico|Emilia Romagna|RE|42043
Fattore|Delia|F|11/12/1950|FTTDLE50T51I314K|San Nicolò Gerrei|Sardegna|CA|09040
Ajmo|Beatrice|F|01/06/1907|JMABRC07H41F811V|Contursi Terme|Campania|SA|84024
Vodopivec|Marcella|F|12/01/1992|VDPMCL92A52H823J|Valsecca|Lombardia|BG|24030
Pedrazzini|Penelope|F|26/08/1994|PDRPLP94M66D355K|Pettinengo|Piemonte|VC|13050
Cassani|Felice|M|13/12/1989|CSSFLC89T13I577L|Mogorella|Sardegna|OR|09080
Feula|Nilde|F|20/05/2006|FLENLD06E60A294V|Pollena Trocchia|Campania|NA|80040
Ritorto|Melania|F|22/03/1928|RTRMLN28C62A000R|Abbateggio|Abruzzo|PE|65020
Dolera|Teresa|F|15/06/1999|DLRTRS99H55G963U|Mangone|Calabria|CS|87050
Alesso|Ercole|M|11/10/2005|LSSRCL05R11I906W|Catignano|Abruzzo|PE|65011
D'Amato|Rosalia|F|18/08/1980|DMTRSL80M58I047I|Tarquinia|Lazio|VT|01016
Binasco|Pippo|M|21/01/1997|BNSPPP97A21E177N|Zambana|Trentino Alto Adige|TN|38010
Menoni|Ennio|M|11/02/1986|MNNNNE86B11E423G|Gornate-Olona|Lombardia|VA|21040
Valsecchi|Agnese|F|12/03/1982|VLSGNS82C52M048T|Sirone|Lombardia|CO|22040
Lopomo|Gemma|F|06/11/1913|LPMGMM13S46G942N|San Leo|Marche|PU|61018
Bottino|Efisio|M|18/01/1927|BTTFSE27A18F168N|Montedinove|Marche|AP|63030
Tecchio|Agrippa|M|19/04/1990|TCCGPP90D19H565E|Campospinoso|Lombardia|PV|27040
Alfano|Gedeone|M|01/12/1997|LFNGDN97T01G769R|Calamonaci|Sicilia|AG|92010
Badalucchi|Luca|M|17/04/2017|BDLLCU17D17I908T|Cavagnolo|Piemonte|TO|10020
D'Alù|Iole|F|18/03/2019|DLALIO19C58C935K|Fusine|Lombardia|SO|23010
Gesuele|Domenico|M|24/03/1904|GSLDNC04C24G010O|Bieno|Trentino Alto Adige|TN|38050
Nattero|Viviano|M|20/03/1918|NTTVVN18C20D383I|Bosio|Piemonte|AL|15060
Becchero|Emma|F|08/10/1916|BCCMME16R48E193U|Gergei|Sardegna|NU|08030
Cotignola|Decimo|M|26/03/1969|CTGDCM69C26B888W|Premariacco|Friuli-Venezia Giulia|UD|33040
Giovani|Massimiliano|M|02/02/1907|GVNMSM07B02C330O|Castiglione Chiavarese|Liguria|GE|16030
Ignazi|Rina|F|05/07/1974|GNZRNI74L45D915U|Paladina|Lombardia|BG|24030
Ambrogio|Lea|F|07/05/1980|MBRLEA80E47I008U|Vallio Terme|Lombardia|BS|25080
Marcianesi|Simone|M|15/10/1943|MRCSMN43R15C580R|Telve|Trentino Alto Adige|TN|38050
Bertosso|Irma|F|06/01/1986|BRTRMI86A46E431F|Morazzone|Lombardia|VA|21040
Gianquinto|Duccio|M|25/10/2000|GNQDCC00R25M034P|Fanano|Emilia Romagna|MO|41021
Cucinato|Spartaco|M|09/11/1946|CCNSRT46S09C711K|Gabiano|Piemonte|AL|15020
Varriale|Imelda|F|17/07/2018|VRRMLD18L57I242G|Nerola|Lazio|RM|00010
Arus|Cristiano|M|25/10/1967|RSACST67R25E952K|Gibellina|Sicilia|TP|91024
Petrosino|Maddalena|F|29/06/1943|PTRMDL43H69C157K|Marano Marchesato|Calabria|CS|87040
Lusso|Orsola|F|05/01/1962|LSSRSL62A45H223A|Caslino d'Erba|Lombardia|CO|22030
Caramello|Gianmario|M|09/01/1930|CRMGMR30A09I335L|Moio della Civitella|Campania|SA|84060
Bianchino|Serena|F|14/02/1984|BNCSRN84B54B615U|Costermano|Veneto|VR|37010
Trasino|Egidio|M|07/09/1903|TRSGDE03P07D780J|Castelpagano|Campania|BN|82020
Orifici|Egle|F|22/01/1977|RFCGLE77A62G349C|Castelbellino|Marche|AN|60030
Davanzati|Lea|F|16/12/2006|DVNLEA06T56D219J|San Lorenzo Isontino|Friuli-Venezia Giulia|GO|34070
Depeccati|Rosanna|F|16/12/1978|DPCRNN78T56A059H|Zogno|Lombardia|BG|24019
Panzeri|Cassio|M|27/12/2007|PNZCSS07T27E963U|Falzes|Trentino Alto Adige|BZ|39030
Goggi|Giuliana|F|15/10/2005|GGGGLN05R55F758H|Cormano|Lombardia|MI|20032
Ramundo|Angelo|M|27/03/1901|RMNNGL01C27C232Q|Castelfidardo|Marche|AN|60022
Zaffarese|Leopoldo|M|07/06/2003|ZFFLLD03H07A205L|Telve di Sopra|Trentino Alto Adige|TN|38050
Scarlata|Gianpiero|M|03/03/1965|SCRGPR65C03E688W|Peio|Trentino Alto Adige|TN|38020
Pagliara|Ilario|M|15/04/2014|PGLLRI14D15C751L|Spongano|Puglia|LE|73038
Frisanco|Omero|M|13/10/1903|FRSMRO03R13C686G|Villarboit|Piemonte|VC|13030
Sandra|Moira|F|01/07/1966|SNDMRO66L41B935D|Novafeltria|Marche|PU|61015
Clarich|Oddone|M|20/02/1984|CLRDDN84B20D714Z|Prata d'Ansidonia|Abruzzo|AQ|67020
Bonajuto|Beato|M|03/12/1924|BNJBTE24T03L647A|Volano|Trentino Alto Adige|TN|38060
Pettenati|Igino|M|23/03/1981|PTTGNI81C23L468T|Moschiano|Campania|AV|83020
Draghi|Bruna|F|26/12/1988|DRGBRN88T66F972F|Peia|Lombardia|BG|24020
Fabbris|Aimone|M|13/02/1992|FBBMNA92B13G233U|Cittanova|Calabria|RC|89022
Rinaldetti|Medardo|M|10/04/1921|RNLMRD21D10B067K|Gambara|Lombardia|BS|25020
Donadello|Odilia|F|11/09/2012|DNDDLO12P51G862Q|Goriano Sicoli|Abruzzo|AQ|67030
Colaci|Michele|M|09/05/1912|CLCMHL12E09G864D|Suvereto|Toscana|LI|57028
Leinardi|Ildebrando|M|01/04/1970|LNRLBR70D01C378I|Soverzene|Veneto|BL|32010
Montecchio|Miriam|F|11/02/1972|MNTMRM72B51I857U|Belfiore|Veneto|VR|37050
Masielli|Tiziano|M|16/02/1988|MSLTZN88B16L030Y|Valbrembo|Lombardia|BG|24030
Cremagnani|Aristeo|M|14/06/1956|CRMRST56H14A115S|Cossano Canavese|Piemonte|TO|10010
Zangani|Sempronio|M|05/04/1912|ZNGSPR12D05E207H|Procida|Campania|NA|80079
Depaol|Savino|M|04/11/2000|DPLSVN00S04I864B|Locri|Calabria|RC|89044
Antonini|Adriano|M|14/04/2018|NTNDRN18D14F798C|Nave San Rocco|Trentino Alto Adige|TN|38010
Calvi|Elisabetta|F|27/08/2018|CLVLBT18M67G684N|Massa Carrara|Toscana|MS|54100
Marzotta|Amos|M|11/10/2014|MRZMSA14R11A415O|Giffone|Calabria|RC|89020
Roncaioli|Concetta|F|23/01/2013|RNCCCT13A63I176V|Santa Maria Maggiore|Piemonte|NO|28038
Curreli|Gennaro|M|26/02/1918|CRRGNR18B26G838P|Sciacca|Sicilia|AG|92019
Galeotto|Severo|M|02/08/1971|GLTSVR71M02E011C|Monte Cremasco|Lombardia|CR|26010
Caronia|Anselmo|M|10/04/1953|CRNNLM53D10C022C|Felino|Emilia Romagna|PR|43035
Salomon|Oliviero|M|10/12/1916|SLMLVR16T10I707N|Settimo Vittone|Piemonte|TO|10010
Caretta|Clemente|M|14/09/1937|CRTCMN37P14L019A|Burgio|Sicilia|AG|92010
Chiera|Ismaele|M|09/09/1969|CHRSML69P09B892T|Zumpano|Calabria|CS|87040
Falcomatà|Sandro|M|11/07/2015|FLCSDR15L11D348K|Petrella Tifernina|Molise|CB|86024
Virgillito|Settimo|M|30/10/1990|VRGSTM90R30H533T|Cazzago San Martino|Lombardia|BS|25046
Tessaroli|Libero|M|17/05/1922|TSSLBR22E17E998D|Grumento Nova|Basilicata|PZ|85050
Gavini|Davide|M|30/12/1992|GVNDVD92T30D227K|Mongiana|Calabria|CZ|88020
Nencini|Isabella|F|02/01/2006|NNCSLL06A42D912O|Brienza|Basilicata|PZ|85050
Duina|Samuele|M|30/07/1928|DNUSML28L30L364H|Radicondoli|Toscana|SI|53030
Labella|Teodosio|M|01/07/1906|LBLTDS06L01B354I|Savogna d'Isonzo|Friuli-Venezia Giulia|GO|34070
Alemagna|Marisa|F|13/02/2019|LMGMRS19B53A158K|Sessame|Piemonte|AT|14050
Bertomoro|Ivano|M|31/08/1909|BRTVNI09M31H980S|Scanno|Abruzzo|AQ|67038
Corno|Mia|F|15/07/1904|CRNMIA04L55H104M|Trescore Balneario|Lombardia|BG|24069
Aicardo|Baldovino|M|10/05/1950|CRDBDV50E10D086F|Montebello di Bertona|Abruzzo|PE|65010
Lubatti|Brunilde|F|18/03/1985|LBTBNL85C58H357K|Colle Umberto|Veneto|TV|31014
Reniero|Iolanda|F|01/12/1914|RNRLND14T41D508Q|Moschiano|Campania|AV|83020
Brescia|Tamara|F|23/10/2013|BRSTMR13R63B860E|Villa San Pietro|Sardegna|CA|09010
Lonardi|Albina|F|27/07/1912|LNRLBN12L67G015V|Chiusi|Toscana|SI|53043
Tassari|Flora|F|04/06/1988|TSSFLR88H44E638M|Valbondione|Lombardia|BG|24020
Massari|Grazia|F|10/02/2008|MSSGRZ08B50H608N|Civiasco|Piemonte|VC|13010
Traino|Ondina|F|15/06/1938|TRNNDN38H55I707U|Serracapriola|Puglia|FG|71010
Pistorio|Serafino|M|22/04/1968|PSTSFN68D22F246P|Barete|Abruzzo|AQ|67010
Depaoli|Giuliano|M|13/08/1986|DPLGLN86M13I431Q|Sant'Alessio con Vialone|Lombardia|PV|27016
Catagini|Martina|F|26/05/1982|CTGMTN82E66F840C|Vallanzengo|Piemonte|VC|13050
Muzi|Cassandra|F|29/10/1964|MZUCSN64R69D188O|Serralunga d'Alba|Piemonte|CN|12050
Vesce|Ottone|M|08/05/1952|VSCTTN52E08I614Z|Mordano|Emilia Romagna|BO|40027
Maddalena|Carolina|F|07/11/1997|MDDCLN97S47L182C|Castel di Lucio|Sicilia|ME|98070
Ciuni|Noè|M|06/07/1936|CNINOX36L06B501A|Entracque|Piemonte|CN|12010
Varischetti|Tamara|F|04/05/1932|VRSTMR32E44D852A|San Biagio Platani|Sicilia|AG|92020
De Felicibus|Amanda|F|04/11/1963|DFLMND63S44C829I|Montorio Romano|Lazio|RM|00100
Badanai|Sandra|F|29/09/1933|BDNSDR33P69E088H|Santa Flavia|Sicilia|PA|90017
Valentino|Tobia|M|05/02/1961|VLNTBO61B05D885Q|Santa Maria a Monte|Toscana|PI|56020
Montecolle|Omero|M|01/01/1927|MNTMRO27A01D836C|Drenchia|Friuli-Venezia Giulia|UD|33040
Arrighetta|Immacolata|F|31/07/1965|RRGMCL65L71D160F|San Lorenzello|Campania|BN|82030
Falco|Adelina|F|30/04/1912|FLCDLN12D70I063K|Casaleone|Veneto|VR|37052
Pelù|Emanuele|M|20/12/1916|PLEMNL16T20G296U|Costermano|Veneto|VR|37010
Porati|Aronne|M|09/05/1901|PRTRNN01E09I421F|San Benedetto Ullano|Calabria|CS|87040
Fragapane|Landolfo|M|31/03/1966|FRGLDL66C31C758Q|Cortemilia|Piemonte|CN|12074
Matone|Antonio|M|24/02/2003|MTNNTN03B24F641G|Servigliano|Marche|AP|63029
Tornielli|Pomponio|M|29/03/1939|TRNPPN39C29G032L|Melilli|Sicilia|SR|96010
Bertotti|Loris|M|14/09/2011|BRTLRS11P14H171S|Lesignano dè Bagni|Emilia Romagna|PR|43037
Ambrosio|Gianni|M|08/10/1962|MBRGNN62R08D978E|Pompei|Campania|NA|80045
Aroffu|Isotta|F|04/10/1960|RFFSTT60R44E819C|Germasino|Lombardia|CO|22010
Guernieri|Duilio|M|07/04/1961|GRNDLU61D07E633S|Lama Mocogno|Emilia Romagna|MO|41023
Cerati|Loris|M|19/10/1918|CRTLRS18R19I424J|Passirano|Lombardia|BS|25050
Baragatti|Viola|F|29/10/1927|BRGVLI27R69G296R|Villandro|Trentino Alto Adige|BZ|39043
Abatantuono|Erasmo|M|16/01/2011|BTNRSM11A16H268F|Valdisotto|Lombardia|SO|23030
Lodetti|Giordano|M|23/04/2002|LDTGDN02D23I110Y|Marano Equo|Lazio|RM|00020
Etzi|Tarcisio|M|16/04/1987|TZETCS87D16I792W|Maruggio|Puglia|TA|74020
Sandonini|Libero|M|10/04/1993|SNDLBR93D10L014L|Tramonti di Sopra|Friuli-Venezia Giulia|PN|33090
Dalcin|Ersilia|F|10/06/1980|DLCRSL80H50G319K|Caiolo|Lombardia|SO|23010
Polverini|Santo|M|23/10/2017|PLVSNT17R23I454G|Oggebbio|Piemonte|NO|28050
Giardinelli|Rosmunda|F|22/08/1972|GRDRMN72M62C757U|Santo Stefano Quisquina|Sicilia|AG|92020
Fariolo|Aurelio|M|01/10/2010|FRLRLA10R01D726W|Anterivo|Trentino Alto Adige|BZ|39040
Alfieri|Sante|M|16/11/1906|LFRSNT06S16G478U|Cisano sul Neva|Liguria|SV|17035
Lietti|Graziella|F|08/12/1955|LTTGZL55T48L184E|Sapri|Campania|SA|84073
Roncalli|Iris|F|03/12/1986|RNCRSI86T43B183Z|Clivio|Lombardia|VA|21050
Tossuti|Cristoforo|M|16/09/1910|TSSCST10P16B555Y|Sant'Antioco|Sardegna|CA|09017
Gariboldi|Gerolamo|M|16/12/1994|GRBGLM94T16M208P|Arizzano|Piemonte|NO|28050
Caprari|Prospero|M|29/09/1936|CPRPSP36P29H860M|Magnano in Riviera|Friuli-Venezia Giulia|UD|33010
Tavella|Tristano|M|20/04/2012|TVLTST12D20A750U|Cergnago|Lombardia|PV|27020
Grecchi|Porfirio|M|28/04/1984|GRCPFR84D28D736P|Capralba|Lombardia|CR|26010
Crossignani|Priscilla|F|14/04/1988|CRSPSC88D54L577D|Conversano|Puglia|BA|70014
Fini|Ottaviano|M|09/10/1987|FNITVN87R09H385V|Villar Pellice|Piemonte|TO|10060
Cardin|Pompeo|M|21/02/1916|CRDPMP16B21A221O|Pignone|Liguria|SP|19020
Brembilla|Eufemio|M|03/08/2019|BRMFME19M03L263V|Foligno|Umbria|PG|06034
Benini|Albano|M|13/05/1937|BNNLBN37E13F637Y|Novellara|Emilia Romagna|RE|42017
Bertagnini|Astianatte|M|26/11/1912|BRTSNT12S26D780S|Serradifalco|Sicilia|CL|93010
Lochis|Viola|F|25/04/1978|LCHVLI78D65G020N|Malonno|Lombardia|BS|25040
Florenzi|Agostina|F|08/04/1983|FLRGTN83D48F989Q|Fossacesia|Abruzzo|CH|66022
Dimonte|Paola|F|25/10/1926|DMNPLA26R65B609D|Valbrevenna|Liguria|GE|16010
Bortolotti|Socrate|M|04/04/1919|BRTSRT19D04D752B|Arcidosso|Toscana|GR|58031
Boccaccio|Marcella|F|30/08/1981|BCCMCL81M70H050R|Contarina|Veneto|RO|45014
Bardone|Giancarlo|M|07/02/1990|BRDGCR90B07H976K|Marcedusa|Calabria|CZ|88050
Pietrantonio|Riccardo|M|28/11/1923|PTRRCR23S28M141W|Valmala|Piemonte|CN|12020
Mereu|Nicolò|M|06/11/1965|MRENCL65S06F382P|Menconico|Lombardia|PV|27050
Vacalebre|Rocco|M|24/03/1992|VCLRCC92C24I718U|Cupra Marittima|Marche|AP|63012
Scudera|Franco|M|30/04/1961|SCDFNC61D30C649N|Lubriano|Lazio|VT|01020
Uberto|Melchiorre|M|30/10/1906|BRTMCH06R30H091N|Futani|Campania|SA|84050
Baio|Amalia|F|18/07/2013|BAIMLA13L58C302C|Issogne|Val D'Aosta|AO|11020
Stellino|Rodolfo|M|08/09/1940|STLRLF40P08F921Q|Castelvisconti|Lombardia|CR|26010
Palmese|Ferruccio|M|21/10/1950|PLMFRC50R21A490L|Poviglio|Emilia Romagna|RE|42028
Gambarini|Gerardo|M|31/12/1960|GMBGRD60T31G082S|Canosa Sannita|Abruzzo|CH|66010
Celentani|Gaudenzio|M|23/06/1983|CLNGNZ83H23C330S|Vico Equense|Campania|NA|80069
Cacciari|Simona|F|11/07/1976|CCCSMN76L51F689M|Teor|Friuli-Venezia Giulia|UD|33050
Auletta|Corinna|F|24/11/1945|LTTCNN45S64I596C|Petriano|Marche|PU|61020
Rovatti|Silvano|M|12/03/1920|RVTSVN20C12B242L|Mele|Liguria|GE|16010
Troise|Mariano|M|01/12/1922|TRSMRN22T01B376X|Bormio|Lombardia|SO|23032
Cantarella|Tranquillo|M|17/01/1977|CNTTNQ77A17D978Y|Lucignano|Toscana|AR|52046
Cherici|Ercole|M|05/09/1952|CHRRCL52P05D844P|Sant'Anna Arresi|Sardegna|CA|09010
Picardo|Narciso|M|26/09/1915|PCRNCS15P26D663B|Monteroduni|Molise|IS|86075
Putzu|Adalberto|M|18/12/1914|PTZDBR14T18A059A|Opi|Abruzzo|AQ|67030
Lausdei|Agrippa|M|23/02/1906|LSDGPP06B23F523S|Maccagno|Lombardia|VA|21010
Avesani|Apollonia|F|06/02/1935|VSNPLN35B46I073E|Arielli|Abruzzo|CH|66030
Bonora|Mirella|F|08/01/1943|BNRMLL43A48B682J|Sonico|Lombardia|BS|25050
Marziani|Eriberto|M|08/11/1974|MRZRRT74S08C704A|Pianfei|Piemonte|CN|12080
Ielpa|Valter|M|22/03/1918|LPIVTR18C22D339O|Negrar|Veneto|VR|37024
Marzarotto|Francesca|F|31/10/2001|MRZFNC01R71I549S|Fiordimonte|Marche|MC|62030
Prugnoli|Damocle|M|11/03/1962|PRGDCL62C11C751X|Matelica|Marche|MC|62024
Chiarini|Fernando|M|15/11/1972|CHRFNN72S15A425X|Grottaferrata|Lazio|RM|00046
Ciutti|Cordelia|F|22/08/1995|CTTCDL95M62G206J|Tubre|Trentino Alto Adige|BZ|39020
Paciosi|Aldo|M|09/03/1926|PCSLDA26C09I840A|Rasun Anterselva|Trentino Alto Adige|BZ|39010
Riccio|Leonida|M|28/06/1983|RCCLND83H28A208D|Sant'Angelo del Pesco|Molise|IS|86080
D'Amato|Olimpia|F|26/06/1925|DMTLMP25H66C776K|Loria|Veneto|TV|31037
Sansonetti|Emanuela|F|11/06/1929|SNSMNL29H51F501E|Camini|Calabria|RC|89040
Preitano|Priscilla|F|29/12/1987|PRTPSC87T69E807O|Bossico|Lombardia|BG|24060
Foti|Vera|F|09/01/2000|FTOVRE00A49I826R|Cappella dè Picenardi|Lombardia|CR|26030
Garboli|Leonida|M|10/02/1909|GRBLND09B10C716J|Cadoneghe|Veneto|PD|35010
Addari|Everardo|M|06/05/1909|DDRVRD09E06C660E|Vallo Lucania|Campania|SA|84010
Antonioli|Livia|F|26/08/1930|NTNLVI30M66D971J|Albonese|Lombardia|PV|27020
Casaloldi|Decimo|M|04/11/1932|CSLDCM32S04G950G|Castelmauro|Molise|CB|86031
Manso|Cecilia|F|14/04/1944|MNSCCL44D54B494T|Partanna|Sicilia|TP|91028
Penso|Penelope|F|30/06/2013|PNSPLP13H70B882T|Supino|Lazio|FR|03019
Baldan|Prospero|M|04/08/1999|BLDPSP99M04D175K|Vasanello|Lazio|VT|01030
Abbondanzieri|Aristo|M|07/11/1980|BBNRST80S07I287Z|Ariano nel Polesine|Veneto|RO|45010
Coratelli|Nunzio|M|18/12/1906|CRTNNZ06T18G252A|Santa Brigida|Lombardia|BG|24010
Porrini|Efrem|M|25/02/1951|PRRFRM51B25E666S|Tuili|Sardegna|CA|09029
Salvato|Vincenza|F|22/11/1911|SLVVCN11S62A352J|Tresigallo|Emilia Romagna|FE|44039
Rizzi|Eugenio|M|28/04/1912|RZZGNE12D28D281C|Ceprano|Lazio|FR|03024
Militello|Gastone|M|23/10/2000|MLTGTN00R23H531N|Rio Marina|Toscana|LI|57038
Antini|Corrado|M|29/04/1954|NTNCRD54D29H108P|Cimadolmo|Veneto|TV|31010
Mamolo|Valeriana|F|22/09/1941|MMLVRN41P62I805K|Villar Pellice|Piemonte|TO|10060
Giordano|Ermenegarda|F|02/09/1983|GRDRNG83P42I079X|Cesarò|Sicilia|ME|98033
Cumino|Tina|F|23/10/2003|CMNTNI03R63D693N|Prunetto|Piemonte|CN|12070
Santone|Mauro|M|20/08/1912|SNTMRA12M20I666W|Castelfranci|Campania|AV|83040
Gianquinto|Carmela|F|23/03/1964|GNQCML64C63E860C|San Giacomo Vercellese|Piemonte|VC|13030
Pizzocchero|Albano|M|18/04/2008|PZZLBN08D18L705W|Aidomaggiore|Sardegna|OR|09070
Parmigiani|Aristide|M|30/04/1977|PRMRTD77D30A761A|Genzone|Lombardia|PV|27014
Liverio|Sabina|F|21/09/1937|LVRSBN37P61I266R|Cavazzo Carnico|Friuli-Venezia Giulia|UD|33020
Merlano|Caterina|F|11/01/1996|MRLCRN96A51E931T|Porto Empedocle|Sicilia|AG|92014
Donadini|Tobia|M|08/08/1933|DNDTBO33M08G102O|Cucciago|Lombardia|CO|22060
Boccanegra|Michela|F|18/12/1965|BCCMHL65T58I063X|Anoia|Calabria|RC|89020
Marinoni|Medardo|M|28/09/1904|MRNMRD04P28G717S|Mornese|Piemonte|AL|15075
Imovilli|Simone|M|07/08/2020|MVLSMN20M07L866B|Rivara|Piemonte|TO|10080
Avalli|Gianpiero|M|15/02/2002|VLLGPR02B15B359Y|Piazzolo|Lombardia|BG|24010
Passafiume|Zaira|F|28/06/2018|PSSZRA18H68A937B|Borghetto Lodigiano|Lombardia|MI|20070
Zanelotti|Iolanda|F|21/01/2018|ZNLLND18A61G028N|Rivello|Basilicata|PZ|85040
Gulinelli|Priamo|M|22/10/1943|GLNPRM43R22E274D|Colonnella|Abruzzo|TE|64010
Atzei|Arabella|F|10/04/1991|TZARLL91D50E481Y|Sfruz|Trentino Alto Adige|TN|38010
Codazzi|Filippo|M|14/11/2009|CDZFPP09S14F109I|Monguzzo|Lombardia|CO|22040
Colombarini|Sara|F|07/05/1965|CLMSRA65E47A791G|Roccasicura|Molise|IS|86080
De Costa|Sabina|F|29/09/1986|DCSSBN86P69G760H|Cavargna|Lombardia|CO|22010
Mascoli|Amleto|M|16/12/1933|MSCMLT33T16C790P|Pietraroja|Campania|BN|82030
Napoletani|Tancredi|M|09/12/2008|NPLTCR08T09H098E|Stella Cilento|Campania|SA|84070
Folchini|Elio|M|06/08/1982|FLCLEI82M06D948C|Bagni di Lucca|Toscana|LU|55021
Ghizzardi|Elettra|F|01/04/1982|GHZLTR82D41B988M|Piobesi Torinese|Piemonte|TO|10040
Zaccara|Marino|M|05/08/1994|ZCCMRN94M05L994N|Sant'Oreste|Lazio|RM|00060
Pistore|Tullio|M|30/12/1936|PSTTLL36T30A903Y|Bertonico|Lombardia|MI|20070
Giubbi|Maurizio|M|23/09/1908|GBBMRZ08P23E467O|Cortiglione|Piemonte|AT|14040
Alessandrello|Vasco|M|19/06/1942|LSSVSC42H19G590S|Asti|Piemonte|AT|14100
Casarotti|Fabrizio|M|09/11/1955|CSRFRZ55S09D258W|Seclì|Puglia|LE|73050
Chieppi|Ortensia|F|18/10/1995|CHPRNS95R58C149Z|Chiuppano|Veneto|VI|36010
Toajari|Flora|F|24/05/1903|TJRFLR03E64H588C|Dorsino|Trentino Alto Adige|TN|38070
Capponi|Elide|F|07/08/1943|CPPLDE43M47B738G|Catrate|Lombardia|VA|21010
Fioni|Pacifico|M|06/03/1966|FNIPFC66C06A075H|Usellus|Sardegna|OR|09090
Devizzi|Gianluigi|M|15/04/1998|DVZGLG98D15A448T|Castiglione di Sicilia|Sicilia|CT|95012
Carradori|Nazzareno|M|10/04/2004|CRRNZR04D10E583Z|Turrivalignani|Abruzzo|PE|65020
Mando|Berardo|M|10/06/2009|MNDBRD09H10B680A|Rizziconi|Calabria|RC|89016
Tombolato|Michela|F|03/09/1988|TMBMHL88P43C486L|Soverato|Calabria|CZ|88068
Sassone|Edoardo|M|20/10/1974|SSSDRD74R20B498W|Arcugnano|Veneto|VI|36057
Mandriota|Erasmo|M|21/07/1991|MNDRSM91L21I596W|Bocenago|Trentino Alto Adige|TN|38080
Turato|Clara|F|05/10/1918|TRTCLR18R45L166D|Cintano|Piemonte|TO|10080
Vespo|Arduino|M|30/03/1911|VSPRDN11C30I155A|Drizzona|Lombardia|CR|26034
Mangosio|Barnaba|M|29/09/1941|MNGBNB41P29H441U|Nole|Piemonte|TO|10076
Zocca|Ignazio|M|28/10/2003|ZCCGNZ03R28E438T|Ardesio|Lombardia|BG|24020
Bassolino|Annamaria|F|28/10/1993|BSSNMR93R68B435F|Vervò|Trentino Alto Adige|TN|38010
Lagrini|Omar|M|24/09/1911|LGRMRO11P24H322K|Bolzano Vicentino|Veneto|VI|36050
Gattoni|Rossella|F|02/06/1942|GTTRSL42H42E334S|Ghislarengo|Piemonte|VC|13030
Chiapuzzi|Rosmunda|F|03/07/1952|CHPRMN52L43F880W|Polonghera|Piemonte|CN|12030
Roncoroni|Isidoro|M|07/12/2008|RNCSDR08T07L734S|Pisano|Piemonte|NO|28010
Minniti|Asdrubale|M|05/06/1903|MNNSRB03H05I904U|Francavilla Angitola|Calabria|CZ|88020
Alcaino|Lucia|F|09/01/1961|LCNLCU61A49A720U|Accumoli|Lazio|RI|02011
Lucini|Lea|F|20/01/2013|LCNLEA13A60F538T|Ventimiglia|Liguria|IM|18039
Vico|Aronne|M|12/08/1938|VCIRNN38M12I775J|Cavedine|Trentino Alto Adige|TN|38073
Iezzi|Paride|M|26/11/1917|ZZIPRD17S26G797W|Mozzecane|Veneto|VR|37060
Calabrese|Beniamino|M|14/03/1901|CLBBMN01C14E782V|Lipari|Sicilia|ME|98055
Rivadossi|Mario|M|22/03/1943|RVDMRA43C22B720X|Pozza di Fassa|Trentino Alto Adige|TN|38036
Radice|Diogene|M|08/03/1993|RDCDGN93C08B112Y|Ala di Stura|Piemonte|TO|10070
Chiabrando|Ugo|M|05/10/1903|CHBGUO03R05E954I|San possidonio|Emilia Romagna|MO|41039
Regiardo|Licia|F|31/07/1923|RGRLCI23L71F677F|Allumiere|Lazio|RM|00051
Bagnasco|Silvia|F|06/10/1995|BGNSLV95R46D923Z|Campana|Calabria|CS|87061
Valent|Nilde|F|05/08/2007|VLNNLD07M45A014L|Cesana Brianza|Lombardia|CO|22030
Valeriani|Flora|F|22/06/1911|VLRFLR11H62C004S|San Nicola Manfredi|Campania|BN|82010
Ludovico|Arialdo|M|03/07/2015|LDVRLD15L03I282F|Lesignano dè Bagni|Emilia Romagna|PR|43037
Boer|Lisa|F|08/08/1911|BROLSI11M48D520Q|Orgiano|Veneto|VI|36040
Bellodi|Arduino|M|28/01/1955|BLLRDN55A28F770S|Pella|Piemonte|NO|28010
Castoldi|Sibilla|F|22/05/1976|CSTSLL76E62I738E|Germagno|Piemonte|NO|28026
Catacchio|Riccarda|F|14/10/1906|CTCRCR06R54D705A|Clavesana|Piemonte|CN|12060
D'Alena|Gesualdo|M|22/11/1934|DLNGLD34S22H110M|Fiumara|Calabria|RC|89050
Brusaschi|Filomena|F|14/04/1920|BRSFMN20D54B278T|Ponte nelle Alpi|Veneto|BL|32014
Pelizzari|Cristiana|F|26/02/1902|PLZCST02B66D568F|Alvito|Lazio|FR|03041
Nogara|Ester|F|25/07/2015|NGRSTR15L65F697B|Viguzzolo|Piemonte|AL|15058
Porru|Mina|F|20/04/1995|PRRMNI95D60I047I|Marcellina|Lazio|RM|87020
Spinetta|Sisto|M|19/03/1911|SPNSST11C19F086X|Giove|Umbria|TR|05024
Dolcet|Simone|M|27/02/1945|DLCSMN45B27H921F|Suni|Sardegna|NU|08010
Torres|Antonella|F|17/12/2017|TRRNNL17T57B875K|Gerosa|Lombardia|BG|24010
Benzoni|Narciso|M|13/07/2019|BNZNCS19L13B346Q|Loano|Liguria|SV|17025
Mura|Serena|F|22/04/1983|MRUSRN83D62M096L|Cerro al Volturno|Molise|IS|86072
Sardini|Natalina|F|09/01/1935|SRDNLN35A49L719Y|San Giovanni Suergiu|Sardegna|CA|09010
Zavattin|Eros|M|30/07/1978|ZVTRSE78L30C297B|Bolotana|Sardegna|NU|08011
Sciuti|Benvenuta|F|11/10/1935|SCTBVN35R51B939T|Ripalimosano|Molise|CB|86025
Soave|Vladimiro|M|17/04/1915|SVOVDM15D17H429X|Caprese Michelangelo|Toscana|AR|52033
Sacconi|Mattia|M|11/01/1916|SCCMTT16A11C365W|Mosciano Sant'Angelo|Abruzzo|TE|64023
Goria|Roberta|F|17/09/1935|GRORRT35P57D819M|Vico del Gargano|Puglia|FG|71018
Carollo|Guglielmo|M|29/02/1992|CRLGLL92B29H816F|Sant'Abbondio|Lombardia|CO|22010
Monaci|Giuliano|M|20/08/1900|MNCGLN00M20A481U|Tavarnelle Val di Pesa|Toscana|FI|50028
Dellamonica|Chiara|F|05/10/1963|DLLCHR63R45F886S|San Giovanni la Punta|Sicilia|CT|95037
Crossignani|Ersilia|F|21/10/1979|CRSRSL79R61I110U|Albaredo per San Marco|Lombardia|SO|23010
Zulli|Penelope|F|01/02/1912|ZLLPLP12B41B436C|Minerbe|Veneto|VR|37046
Piroscia|Licia|F|09/05/2012|PRSLCI12E49A101O|Riva di Solto|Lombardia|BG|24060
Rodolatti|Elsa|F|08/12/2010|RDLLSE10T48I171Q|Modica|Sicilia|RG|97015
Pagana|Adele|F|09/02/1958|PGNDLA58B49H187K|Cerea|Veneto|VR|37053
Lento|Franca|F|14/08/1940|LNTFNC40M54G074S|Calalzo di Cadore|Veneto|BL|32042
Palmenteri|Nino|M|11/08/2020|PLMNNI20M11D843A|San Fedele Intelvi|Lombardia|CO|22028
Di Gennaro|Antonio|M|18/12/2000|DGNNTN00T18B857U|Cusago|Lombardia|MI|20090
Varriale|Aristide|M|26/09/2011|VRRRTD11P26C176K|Corbola|Veneto|RO|45015
Paravato|Rosa|F|18/05/1944|PRVRSO44E58L568M|Tolfa|Lazio|RM|00059
Nascimbene|Battista|M|31/07/1933|NSCBTS33L31A855A|Canevino|Lombardia|PV|27040
Zeini|Grazia|F|22/02/1980|ZNEGRZ80B62E999N|Carceri|Veneto|PD|35040
Saccon|Casimira|F|09/10/1931|SCCCMR31R49C202F|Buscemi|Sicilia|SR|96010
Arpini|Carmen|F|05/02/1985|RPNCMN85B45G830Q|Rossano|Calabria|CS|87067
Negrino|Ombretta|F|26/03/1989|NGRMRT89C66E864J|Lisio|Piemonte|CN|12070
Arlotto|Edda|F|03/07/1907|RLTDDE07L43D645B|Persico Dosimo|Lombardia|CR|26043
Battista|Sofia|F|12/06/1923|BTTSFO23H52E158L|Castelcucco|Veneto|TV|31030
Pellegrin|Valeriano|M|24/12/1955|PLLVRN55T24F580A|Cerami|Sicilia|EN|94010
Magagna|Giacinta|F|16/02/1908|MGGGNT08B56E012U|Gordona|Lombardia|SO|23020
Morini|Uguccione|M|04/06/1973|MRNGCN73H04H774J|Anzi|Basilicata|PZ|85010
Borzelli|Telemaco|M|22/09/1956|BRZTMC56P22G290Z|Bovolone|Veneto|VR|37051
D'Adda|Gabriella|F|18/02/1948|DDDGRL48B58H001N|Mazzin|Trentino Alto Adige|TN|38030
Carta|Claudia|F|16/11/1950|CRTCLD50S56H763X|Subbiano|Toscana|AR|52010
Triggiani|Battista|M|27/05/1940|TRGBTS40E27D541G|Romagnese|Lombardia|PV|27050
Mastromarino|Valfredo|M|26/08/1978|MSTVFR78M26I794W|Montescaglioso|Basilicata|MT|75024
Croattini|Amleto|M|01/11/2009|CRTMLT09S01D706Y|Senna Comasco|Lombardia|CO|22070
Tassone|Elisa|F|19/02/1905|TSSLSE05B59I794Q|Bonavigo|Veneto|VR|37040
Burdo|Giuseppe|M|16/09/1993|BRDGPP93P16L166T|Bosconero|Piemonte|TO|10080
Giambrone|Serena|F|06/01/1949|GMBSRN49A46C222O|Cordenons|Friuli-Venezia Giulia|PN|33084
Mo|Nereo|M|08/04/2019|MOXNRE19D08B442G|Falmenta|Piemonte|NO|28050
Bonadei|Romolo|M|05/09/1946|BNDRML46P05A716A|Pont-Canavese|Piemonte|TO|10085
Trombadore|Attila|M|27/09/1987|TRMTTL87P27I861S|Fascia|Liguria|GE|16020
Pilurzu|Amalia|F|12/02/1968|PLRMLA68B52H676L|Calvatone|Lombardia|CR|26030
Taliaferri|Ismaele|M|22/07/1934|TLFSML34L22A366F|Boscoreale|Campania|NA|80041
Chiarello|Olivia|F|07/09/1972|CHRLVO72P47E131B|Cavasso Nuovo|Friuli-Venezia Giulia|PN|33090
Poletto|Mafalda|F|09/12/2005|PLTMLD05T49A202Y|Spongano|Puglia|LE|73038
Reati|Beato|M|23/07/2016|RTEBTE16L23A137Q|Annicco|Lombardia|CR|26021
Potestia|Agostino|M|21/05/1916|PTSGTN16E21G457R|Morgano|Veneto|TV|31050
Caira|Iris|F|05/11/1953|CRARSI53S45G788Z|Chiaravalle|Marche|AN|60033
Petelin|Modesto|M|16/07/1922|PTLMST22L16B589J|Verzegnis|Friuli-Venezia Giulia|UD|33020
Pajello|Patrizia|F|24/09/1965|PJLPRZ65P64A572X|Carugo|Lombardia|CO|22060
Papagni|Guendalina|F|26/03/1921|PPGGDL21C66C733O|Cencenighe Agordino|Veneto|BL|32020
Pusceddu|Zaira|F|29/11/1928|PSCZRA28S69G485R|Capua|Campania|CE|81043
Canonici|Marina|F|10/07/1964|CNNMRN64L50D455A|Cremella|Lombardia|CO|22060
Armellini|Ferdinando|M|01/07/1952|RMLFDN52L01B899O|Spadafora|Sicilia|ME|98048
Baceliere|Dino|M|10/09/1992|BCLDNI92P10G762V|Vernante|Piemonte|CN|12019
Urbano|Eva|F|03/10/1972|RBNVEA72R43C650Q|Dualchi|Sardegna|NU|08010
Pagnozzi|Sabina|F|01/01/1951|PGNSBN51A41E987Z|Trecastagni|Sicilia|CT|95039
Roggero|Iacopone|M|03/11/1906|RGGCPN06S03L826Q|Mirabello Sannitico|Molise|CB|86010
Iannelli|Santo|M|05/09/1955|NNLSNT55P05B736I|Villafranca Piemonte|Piemonte|TO|10068
Bernascone|Martino|M|23/08/1964|BRNMTN64M23L738Q|Borghetto Lodigiano|Lombardia|MI|20070
Cusini|Serena|F|09/12/1991|CSNSRN91T49C854W|Garlasco|Lombardia|PV|27026
Russi|Vilfredo|M|21/08/1981|RSSVFR81M21D544C|San Vito dei Normanni|Puglia|BR|72019
Cadore|Bartolomeo|M|30/12/1964|CDRBTL64T30L439T|Tramonti|Campania|SA|84010
Civiello|Oriana|F|04/09/1928|CVLRNO28P44B398Q|Celico|Calabria|CS|87053
Alboino|Amos|M|12/11/1959|LBNMSA59S12D861N|Forno Canavese|Piemonte|TO|10084
Tuccia|Olivia|F|10/08/1936|TCCLVO36M50G588J|Poggio Rusco|Lombardia|MN|46025
Gollino|Lucrezia|F|07/04/1975|GLLLRZ75D47H974M|Rosciano|Abruzzo|PE|35020
Manzo|Ornella|F|20/10/1911|MNZRLL11R60I490Z|Monguzzo|Lombardia|CO|22040
Regoli|Orsola|F|31/08/1971|RGLRSL71M71I609P|San Cipriano Picentino|Campania|SA|84099
Manna|Oronzo|M|02/06/1928|MNNRNZ28H02D421G|Civita d'Antino|Abruzzo|AQ|67050
Altobrandi|Iris|F|03/11/1945|LTBRSI45S43C067T|Isorella|Lombardia|BS|25010
Cumerle|Gianni|M|07/06/1962|CMRGNN62H07L322K|Sergnano|Lombardia|CR|26010
Mitri|Stefano|M|03/08/2018|MTRSFN18M03C727E|San Paolo|Lombardia|BS|25020
Quisini|Barbara|F|27/03/1962|QSNBBR62C67C112L|Marzio|Lombardia|VA|21030
Soffritti|Ilenia|F|17/12/1959|SFFLNI59T57H507I|La Cassa|Piemonte|TO|10040
Liberati|Sabina|F|19/02/1941|LBRSBN41B59H500X|Pietrarubbia|Marche|PU|61020
Gheno|Valfredo|M|23/02/1999|GHNVFR99B23A634D|Terres|Trentino Alto Adige|TN|38010
Masullo|Ivan|M|29/04/2004|MSLVNI04D29C763A|Stroppo|Piemonte|CN|12020
Clementi|Giosuè|M|16/07/2003|CLMGSI03L16I128J|Velo d'Astico|Veneto|VI|36010
Natero|Vanna|F|14/06/1990|NTRVNN90H54C555E|Castagnole delle Lanze|Piemonte|AT|14054
Turchetto|Flavio|M|12/03/1977|TRCFLV77C12L067G|Chianocco|Piemonte|TO|10050
Aschero|Vladimiro|M|25/07/1997|SCHVDM97L25D639E|Belvedere Ostrense|Marche|AN|60030
Bertarini|Olimpio|M|15/10/1985|BRTLMP85R15C527Z|San Giorgio del Sannio|Campania|BN|82018
Fragala|Artemisa|F|08/08/1937|FRGRMS37M48F170K|Falciano del Massico|Campania|CE|81030
Miclavez|Gabriella|F|21/02/1933|MCLGRL33B61C933U|Agnadello|Lombardia|CR|26020
Napello|Simeone|M|05/03/1959|NPLSMN59C05E888W|Piazzola sul Brenta|Veneto|PD|35016
Arnoni|Cirino|M|07/04/1987|RNNCRN87D07I644U|Ponte San Pietro|Lombardia|BG|24036
Auletta|Carmine|M|20/01/1927|LTTCMN27A20C538T|Polla|Campania|SA|84035
Provenzali|Valeria|F|19/03/1998|PRVVLR98C59D701W|San felice sul panaro|Emilia Romagna|MO|41038
Soregaroli|Tarcisio|M|23/12/1922|SRGTCS22T23A451A|Gargnano|Lombardia|BS|25084
Olla|Secondo|M|30/12/1933|LLOSND33T30G925H|Dinami|Calabria|CZ|88010
Maset|Ilaria|F|08/07/2008|MSTLRI08L48A303X|Pieranica|Lombardia|CR|26017
Marzullo|Mina|F|18/12/1920|MRZMNI20T58F106F|Vestone|Lombardia|BS|25078
Speri|Indro|M|01/03/1930|SPRNDR30C01F175F|Nerola|Lazio|RM|00010
Lobianco|Nicodemo|M|10/03/1948|LBNNDM48C10G576S|Cancellara|Basilicata|PZ|85010
Raia|Damocle|M|19/01/1962|RAIDCL62A19I879L|Villa Santina|Friuli-Venezia Giulia|UD|33029
Schirò|Morena|F|04/03/1961|SCHMRN61C44D100Y|Saint-Nicolas|Val D'Aosta|AO|11010
Moioli|Cesare|M|20/06/2012|MLOCSR12H20B520G|Castel San Niccolò|Toscana|AR|52018
Spotorno|Tullio|M|05/07/1966|SPTTLL66L05H614P|Castelletto Sopra Ticino|Piemonte|NO|28053
Mantello|Brigitta|F|10/05/1919|MNTBGT19E50G989E|Telve|Trentino Alto Adige|TN|38050
Bivacqua|Viviana|F|22/01/1939|BVCVVN39A62I578P|Trinitapoli|Puglia|FG|71049
Caglia|Gianpietro|M|19/01/1903|CGLGPT03A19F833A|Dogna|Friuli-Venezia Giulia|UD|33010
Spiota|Panfilo|M|13/12/1933|SPTPFL33T13G281B|Monte Sant'Angelo|Puglia|FG|71037
Bajetta|Fulgenzio|M|13/12/1968|BJTFGN68T13L492F|Pozzol Groppo|Piemonte|AL|15050
Bollati|Marica|F|09/01/1978|BLLMRC78A49B715Q|San Lorenzo Bellizzi|Calabria|CS|87070
Bovina|Adone|M|23/05/1911|BVNDNA11E23E410U|Monteroduni|Molise|IS|86075
Rustichello|Piero|M|30/04/1975|RSTPRI75D30E915N|Altamura|Puglia|BA|70022
Giovannelli|Mina|F|05/04/1920|GVNMNI20D45H782G|Ghislarengo|Piemonte|VC|13030
Cerullo|Barbara|F|01/11/1925|CRLBBR25S41F473U|Marostica|Veneto|VI|36063
Brendolini|Valfredo|M|03/12/2004|BRNVFR04T03H985H|Radicondoli|Toscana|SI|53030
Pulega|Ernesto|M|15/10/1944|PLGRST44R15F915W|Tronzano Lago Maggiore|Lombardia|VA|21010
Amalfitani|Eugenio|M|17/12/1905|MLFGNE05T17I327O|Darfo Boario Terme|Lombardia|BS|25047
Savarese|Siro|M|23/04/1945|SVRSRI45D23G779A|Acerenza|Basilicata|PZ|85011
Porcaro|Benito|M|29/09/1996|PRCBNT96P29C678F|San Floriano del Collio|Friuli-Venezia Giulia|GO|34070
Pellagatta|Bonifacio|M|12/12/1908|PLLBFC08T12B203Y|Valfurva|Lombardia|SO|23030
Domenico|Orazio|M|25/08/1956|DMNRZO56M25F013D|Suzzara|Lombardia|MN|46029
Balduccio|Cloe|F|19/07/2020|BLDCLO20L59I872I|Busachi|Sardegna|OR|09082
Rinalducci|Enzo|M|22/10/1947|RNLNZE47R22L579S|Zeme|Lombardia|PV|27030
Ghini|Oriana|F|17/09/1997|GHNRNO97P57B774Y|Fraine|Abruzzo|CH|66050
Azzaro|Alessio|M|11/01/1924|ZZRLSS24A11E398R|Bertinoro|Emilia Romagna|FO|47032
Alineri|Moira|F|21/04/1953|LNRMRO53D61E800I|Roncello|Lombardia|MI|20040
Bosetto|Norberto|M|28/08/1955|BSTNBR55M28B246O|Bassignana|Piemonte|AL|15042
Brayde|Natale|M|30/06/1966|BRYNTL66H30D786I|Cuvio|Lombardia|VA|21030
Magliano|Daria|F|02/09/1998|MGLDRA98P42I526O|Mercatello sul Metauro|Marche|PU|61040
Miotto|Enzo|M|17/01/1944|MTTNZE44A17L525G|Cagli|Marche|PU|61043
Cascone|Apollonia|F|20/02/1999|CSCPLN99B60D524U|Carsoli|Abruzzo|AQ|67061
Cavazza|Guerrino|M|14/04/1974|CVZGRN74D14H257S|Cabella Ligure|Piemonte|AL|15060
Iaco|Sergio|M|22/11/1940|CIASRG40S22F861A|Mogliano Veneto|Veneto|TV|31021
Angelino|Attilio|M|04/03/1949|NGLTTL49C04C953L|Trasaghis|Friuli-Venezia Giulia|UD|33010
Tavernini|Brigitta|F|15/09/1901|TVRBGT01P55F839T|Viggiù|Lombardia|VA|21059
Scordia|Celso|M|16/10/1996|SCRCLS96R16A539E|Baldissero Canavese|Piemonte|TO|10080
Donadoni|Priscilla|F|22/06/1909|DNDPSC09H62H620P|Campo San Martino|Veneto|PD|35010
Cassetta|Ottone|M|03/03/1900|CSSTTN00C03C064I|Piagge|Marche|PU|61030
Orco|Ascanio|M|12/08/2003|RCOSCN03M12F443G|Bardineto|Liguria|SV|17020
Pisati|Arturo|M|16/12/1996|PSTRTR96T16G979N|San Martino in Strada|Lombardia|MI|20070
Saggino|Mario|M|08/01/1922|SGGMRA22A08E956V|Montemitro|Molise|CB|86030
Bertanza|Adone|M|09/02/2001|BRTDNA01B09E135T|Pomaro Monferrato|Piemonte|AL|15040
Zedda|Patrizio|M|24/11/1971|ZDDPRZ71S24B212E|Teano|Campania|CE|81057
Zimelli|Abramo|M|25/06/1915|ZMLBRM15H25A265R|Fiorenzuola d'Arda|Emilia Romagna|PC|29017
Cassibba|Abele|M|17/09/1957|CSSBLA57P17E617O|Cervasca|Piemonte|CN|12010
Tolledi|Zenobio|M|06/02/1970|TLLZNB70B06C702B|Santa Cesarea Terme|Puglia|LE|73020
Brini|Caino|M|23/04/1906|BRNCNA06D23L118J|Castel Sant'Angelo|Lazio|RI|02010
Reni|Panfilo|M|17/05/1945|RNEPFL45E17H585V|Casazza|Lombardia|BG|24060
Boiocchi|Giandomenico|M|26/05/1995|BCCGDM95E26C186F|Buriasco|Piemonte|TO|10060
Bellia|Nino|M|12/08/1933|BLLNNI33M12D395S|Rocca d'Evandro|Campania|CE|81050
Brasi|Norberto|M|20/04/1977|BRSNBR77D20F626A|Aurigo|Liguria|IM|18021
Abatecola|Nico|M|01/04/1984|BTCNCI84D01E055Z|Canale d'Agordo|Veneto|BL|32020
Pontellini|Dante|M|16/11/2003|PNTDNT03S16C128X|Roccagiovine|Lazio|RM|00020
Campironi|Concetta|F|05/03/1927|CMPCCT27C45E764M|Corte Palasio|Lombardia|MI|20070
Dimino|Orfeo|M|26/05/1927|DMNRFO27E26B019P|Piode|Piemonte|VC|13020
Copelli|Zenobio|M|19/08/1970|CPLZNB70M19F781B|Villa Agnedo|Trentino Alto Adige|TN|38050
Calise|Adamo|M|04/08/1963|CLSDMA63M04E025K|Pozzallo|Sicilia|RG|97016
Oldani|Delia|F|10/04/2012|LDNDLE12D50D595N|Aliminusa|Sicilia|PA|90020
Floresta|Brunilde|F|04/10/2009|FLRBNL09R44G572W|Varallo|Piemonte|VC|13019
Celani|Rebecca|F|26/11/1914|CLNRCC14S66H095X|Atri|Abruzzo|TE|64032
Gerelli|Pompeo|M|22/10/1937|GRLPMP37R22C971N|Parona|Lombardia|PV|27020
Calizzi|Arnaldo|M|23/04/1987|CLZRLD87D23B534B|Campobello di Licata|Sicilia|AG|92023
Della Croce|Marina|F|16/04/1957|DLLMRN57D56B246X|Torre le Nocelle|Campania|AV|83030
Furlanetti|Martino|M|15/02/1924|FRLMTN24B15H986R|Forgaria nel Friuli|Friuli-Venezia Giulia|UD|33030
Santagostino|Adelina|F|13/07/1947|SNTDLN47L53A590K|Vitorchiano|Lazio|VT|01030
Verga|Onorina|F|01/12/1999|VRGNRN99T41L113N|Formello|Lazio|RM|00060
Nardiello|Francesco|M|11/10/2013|NRDFNC13R11A000H|Osini|Sardegna|NU|08040
Caliendi|Maria|F|08/08/2019|CLNMRA19M48E944O|Costiglione d'Asti|Piemonte|AT|14055
Rissolo|Liliana|F|13/11/1920|RSSLLN20S53L399N|Galliate|Piemonte|NO|28066
Diolaiuti|Luisa|F|27/02/1912|DLTLSU12B67H284Z|Caporciano|Abruzzo|AQ|67020
Armanni|Rina|F|31/03/1949|RMNRNI49C71H588G|Bellinzago Lombardo|Lombardia|MI|20060
Pensalfini|Cosimo|M|13/04/1988|PNSCSM88D13D482R|Cossogno|Piemonte|NO|28054
Bertoni|Adelmo|M|14/06/2020|BRTDLM20H14L897I|Viggiù|Lombardia|VA|21059
Zampella|Ardito|M|04/07/1960|ZMPRDT60L04G116B|Fascia|Liguria|GE|16020
Brunella|Gianmaria|M|08/12/2001|BRNGMR01T08A019G|Casalnoceto|Piemonte|AL|15052
Penso|Paola|F|15/08/1930|PNSPLA30M55G764Y|Bacoli|Campania|NA|80070
Cimmino|Mariella|F|16/05/1921|CMMMLL21E56G566H|Broni|Lombardia|PV|27043
Magro|Attilio|M|31/07/1914|MGRTTL14L31G789J|Boscoreale|Campania|NA|80041
Tatulli|Libero|M|14/05/1929|TTLLBR29E14H809P|Baranello|Molise|CB|86011
Carau|Amone|M|24/01/1972|CRAMNA72A24E056H|Spessa|Lombardia|PV|27010
Petrazzoli|Nazzaro|M|01/07/1963|PTRNZR63L01D457J|Tezze sul Brenta|Veneto|VI|36056
Nepoti|Sonia|F|06/09/1973|NPTSNO73P46I206P|Monchio delle Corti|Emilia Romagna|PR|43010
Tornesi|Barnaba|M|28/08/2010|TRNBNB10M28G785A|Cortenova|Lombardia|BG|10124
Tremea|Giordano|M|09/11/1985|TRMGDN85S09A391S|Candia Lomellina|Lombardia|PV|27031
Terenzi|Donata|F|29/11/2008|TRNDNT08S69B774T|Verzuolo|Piemonte|CN|12039
Palmese|Prospero|M|11/05/1947|PLMPSP47E11E001B|Casalbuono|Campania|SA|84030
Bauda|Pancrazio|M|20/07/1958|BDAPCR58L20E494W|Monticelli Pavese|Lombardia|PV|27010
Acquistapace|Irene|F|29/07/1959|CQSRNI59L69I361W|Licenza|Lazio|RM|00026
Traisci|Antonio|M|19/04/1962|TRSNTN62D19B631S|Spirano|Lombardia|BG|24050
Donida|Saul|M|07/04/1907|DNDSLA07D07L425M|Ponti|Piemonte|AL|15010
Mercia|Gedeone|M|12/08/1956|MRCGDN56M12G779E|Montano Antilia|Campania|SA|84060
Tripodi|Leone|M|20/12/1970|TRPLNE70T20C508H|Baia e Latina|Campania|CE|81010
Ipaviz|Eligio|M|19/07/1901|PVZLGE01L19F214V|Narni|Umbria|TR|05035
Nicito|Mattia|M|30/10/1905|NCTMTT05R30E452S|Oyace|Val D'Aosta|AO|11010
Armelli|Astianatte|M|31/05/1927|RMLSNT27E31L801F|Giffoni Valle Piana|Campania|SA|84095
Scuderi|Domenico|M|14/12/1939|SCDDNC39T14A852L|Montefalcone nel Sannio|Molise|CB|86033
Occhionero|Leopoldo|M|27/08/2005|CCHLLD05M27D253B|Torricella Sicura|Abruzzo|TE|64010
Vendrame|Renato|M|21/06/1904|VNDRNT04H21C995Z|Buriasco|Piemonte|TO|10060
Pezzi|Damiano|M|25/03/1992|PZZDMN92C25D093S|Siapiccia|Sardegna|OR|09080
Magi|Anastasia|F|10/03/1965|MGANTS65C50I466J|Acerra|Campania|NA|80011
Agreste|Gianmarco|M|04/10/1959|GRSGMR59R04E512R|Pedrengo|Lombardia|BG|24066
Vedda|Pantaleone|M|05/03/1996|VDDPTL96C05D293Z|Bottidda|Sardegna|SS|07010
Pagliai|Maddalena|F|18/12/1965|PGLMDL65T58C593C|Vallefiorita|Calabria|CZ|88050
Bellotti|Ester|F|22/02/1908|BLLSTR08B62D208H|Chiusa Sclafani|Sicilia|PA|90033
De Bellis|Emanuele|M|22/08/1965|DBLMNL65M22I048C|Auditore|Marche|PU|61020
Capitanio|Antonio|M|20/06/1952|CPTNTN52H20H213Z|Riesi|Sicilia|CL|93016
Miano|Lorella|F|26/06/1957|MNILLL57H66F308J|Torre Pellice|Piemonte|TO|10066
Baral|Cristoforo|M|05/08/2017|BRLCST17M05G553T|Polla|Campania|SA|84035
Novazzi|Giacobbe|M|08/07/1913|NVZGBB13L08F929Q|Ulassai|Sardegna|NU|08040
Gesualdi|Daria|F|05/04/1953|GSLDRA53D45D638Y|Calabritto|Campania|AV|83040
Murro|Egidio|M|30/06/2020|MRRGDE20H30A594N|Castel Morrone|Campania|CE|81020
Tedeschi|Adriano|M|11/05/1985|TDSDRN85E11H221X|Castions di Strada|Friuli-Venezia Giulia|UD|33050
Lunardello|Ilda|F|20/08/1951|LNRLDI51M60B465P|Agosta|Lazio|RM|00020
Rau|Orlando|M|13/11/1970|RAURND70S13H063S|Cortona|Toscana|AR|52044
Rossettini|Gionata|M|12/11/1985|RSSGNT85S12L420S|Rhemes-Saint-Georges|Val D'Aosta|AO|11010
Ciommi|Bernardo|M|02/10/1976|CMMBNR76R02G036E|Aritzo|Sardegna|NU|08031
Merisio|Osvaldo|M|31/12/1937|MRSSLD37T31D728O|Serracapriola|Puglia|FG|71010
Tacci|Fedele|M|19/08/1989|TCCFDL89M19C096J|Borgo Valsugana|Trentino Alto Adige|TN|38051
De Matthaeis|Linda|F|02/03/1997|DMTLND97C42G788D|Sant'Angelo Romano|Lazio|RM|00100
Dorgnach|Asdrubale|M|23/10/1973|DRGSRB73R23D527I|Vescovato|Lombardia|CR|26039
Daniel|Fabiana|F|06/01/1968|DNLFBN68A46B666S|Diso|Puglia|LE|73030
Furini|Adalberta|F|21/02/1908|FRNDBR08B61L366U|Centuripe|Sicilia|EN|94010
Fornasari|Angela|F|19/03/1958|FRNNGL58C59A984X|Ceglie Messapico|Puglia|BR|72013
Lauro|Carolina|F|11/03/2019|LRACLN19C51I526U|Giuliano Teatino|Abruzzo|CH|66010
Arnaudi|Aldobrando|M|25/06/1956|RNDLBR56H25A383Z|Serra San Quirico|Marche|AN|60048
Schembri|Antonia|F|07/02/1975|SCHNTN75B47D139L|Gavazzana|Piemonte|AL|15063
Saccomanni|Amanda|F|21/12/2020|SCCMND20T61L411W|San Vito sullo Ionio|Calabria|CZ|88067
Dalmaso|Nunzio|M|17/01/1910|DLMNNZ10A17A449R|Castel Castagna|Abruzzo|TE|64030
Laterza|Marcello|M|07/06/1914|LTRMCL14H07E548H|Senales|Trentino Alto Adige|BZ|39020
Dapiaggi|Renzo|M|22/12/2011|DPGRNZ11T22F220E|Silius|Sardegna|CA|09040
Crenna|Nunzio|M|02/09/1953|CRNNNZ53P02B374S|Anticoli Corrado|Lazio|RM|00022
Confalone|Rosa|F|29/01/1931|CNFRSO31A69A015V|Massa Fermana|Marche|AP|63020
Mursia|Sofronia|F|14/01/1919|MRSSRN19A54I467U|Terrazzo|Veneto|VR|37040
Daneri|Fiorella|F|20/07/1994|DNRFLL94L60H672O|Torre d'Arese|Lombardia|PV|27010
Radici|Anselmo|M|10/10/1973|RDCNLM73R10C691X|Campodolcino|Lombardia|SO|23021
Munaretti|Vespasiano|M|27/09/1972|MNRVPS72P27E847K|Crova|Piemonte|VC|13040
Branca|Remondo|M|23/08/1961|BRNRND61M23E708E|Morciano di Romagna|Emilia Romagna|FO|47047
Guzzo|Ginevra|F|20/08/1996|GZZGVR96M60A846E|Rovegno|Liguria|GE|16028
Tarabella|Nadia|F|28/11/2002|TRBNDA02S68D325M|San Lorenzo del Vallo|Calabria|CS|87040
Tagliati|Ornella|F|24/09/1959|TGLRLL59P64G843C|Verzuolo|Piemonte|CN|12039
Gervasi|Filomena|F|02/10/1977|GRVFMN77R42B935B|Nocera Superiore|Campania|SA|84015
Preiano|Alessandro|M|11/03/1961|PRNLSN61C11H855M|Trasacco|Abruzzo|AQ|67059
Petitt|Mirko|M|09/01/1979|PTTMRK79A09A464I|Besnate|Lombardia|VA|21010
Alessandrina|Nunziata|F|28/05/1906|LSSNZT06E68C649Q|Onani|Sardegna|NU|08020
Baldini|Liviana|F|06/06/1940|BLDLVN40H46I236Y|Taino|Lombardia|VA|21020
Lopardo|Ambrogio|M|08/07/2011|LPRMRG11L08H385I|Sanatzai|Sardegna|CA|09010
Lovati|Attilio|M|06/11/1953|LVTTTL53S06H337E|San Sosti|Calabria|CS|87010
Medeot|Emiliana|F|26/10/2013|MDTMLN13R66C235P|Torricella Peligna|Abruzzo|CH|66019
Zuccarelli|Michele|M|31/08/1910|ZCCMHL10M31H914Z|Stregna|Friuli-Venezia Giulia|UD|33040
Pannaci|Aldo|M|17/01/1959|PNNLDA59A17A242F|Roccavignale|Liguria|SV|17010
Laudisa|Aiace|M|27/03/1937|LDSCAI37C27G018R|Rossano|Calabria|CS|87067
Raimondi|Cecilia|F|20/04/1944|RMNCCL44D60I253G|Portopalo di Capo Passero|Sicilia|SR|96010
Gotelli|Marina|F|09/01/2019|GTLMRN19A49G476N|Castelnovetto|Lombardia|PV|27030
Ganora|Geremia|M|07/01/1915|GNRGRM15A07B639V|Piazza Armerina|Sicilia|EN|94015
Occhinigro|Abbondio|M|26/08/1999|CCHBND99M26G270C|Piazza Brembana|Lombardia|BG|24014
Venier|Stella|F|18/05/1972|VNRSLL72E58I102Z|Pontelongo|Veneto|PD|35029
Pompilio|Severino|M|13/11/1960|PMPSRN60S13H991Z|Corsico|Lombardia|MI|20094
Agazzone|Norina|F|22/06/2008|GZZNRN08H62F137D|Castel San Lorenzo|Campania|SA|84049
Pillitteri|Michelangelo|M|31/05/1996|PLLMHL96E31C795I|Carbonara di Nola|Campania|NA|80030
Portinari|Claudia|F|06/04/1971|PRTCLD71D46C347N|Rhemes-Notre-Dame|Val D'Aosta|AO|11010
Lamarca|Vasco|M|08/12/2018|LMRVSC18T08D111A|Sant'Antonio di Gallura|Sardegna|SS|07030
Mazzolini|Fiorenzo|M|07/02/1923|MZZFNZ23B07I585B|Alimena|Sicilia|PA|90020
Pirandello|Vinicio|M|29/12/2011|PRNVNC11T29E821Q|Malgesso|Lombardia|VA|21023
Ascente|Cassio|M|17/06/1950|SCNCSS50H17C214B|Auletta|Campania|SA|84031
Bonifacio|Gerolamo|M|13/05/1949|BNFGLM49E13M165K|Sorisole|Lombardia|BG|24010
Galizia|Ondina|F|25/09/2010|GLZNDN10P65D973M|Barga|Toscana|LU|55051
Cecchinello|Eufemio|M|03/01/1996|CCCFME96A03D811T|Sorbo San Basile|Calabria|CZ|88050
Not|Giancarlo|M|15/10/1962|NTOGCR62R15L931W|Marzabotto|Emilia Romagna|BO|40043
Coluccia|Valeriano|M|23/03/1980|CLCVRN80C23G758N|Riva presso Chieri|Piemonte|TO|10020
Frisone|Flavio|M|28/01/1965|FRSFLV65A28L868N|Plaus|Trentino Alto Adige|BZ|39025
Chionchio|Savino|M|03/01/1940|CHNSVN40A03L450M|Stagno Lombardo|Lombardia|CR|26049
Franceschi|Giancarlo|M|17/03/1907|FRNGCR07C17E255G|Penna San Giovanni|Marche|MC|62020
Acri|Sante|M|20/04/1953|CRASNT53D20I504G|San Vitaliano|Campania|NA|80030
Lari|Samanta|F|19/08/1912|LRASNT12M59A355U|Castel Sant'Elia|Lazio|VT|01030
Pensa|Romina|F|30/04/1997|PNSRMN97D70H607C|Lusia|Veneto|RO|45020
Areni|Ivan|M|14/07/1942|RNAVNI42L14G582Y|Montefortino|Marche|AP|63047
Troisio|Zaccheo|M|02/07/1901|TRSZCH01L02L948Q|Capergnanica|Lombardia|CR|26010
Lupo|Tosca|F|07/12/1982|LPUTSC82T47F312M|Lugnacco|Piemonte|TO|10080
Cremonini|Esterina|F|22/05/2011|CRMSRN11E62L301O|Tronzano Vercellese|Piemonte|VC|13049
Peppi|Giacobbe|M|23/12/1958|PPPGBB58T23E656H|Petriano|Marche|PU|61020
Piscopo|Lodovica|F|28/03/1934|PSCLVC34C68D865B|Ronco Briantino|Lombardia|MI|20050
Sebastiano|Valter|M|13/10/2001|SBSVTR01R13F318X|Montalto Uffugo|Calabria|CS|87046
Rimondi|Raimondo|M|10/02/1945|RMNRND45B10D600L|Salmour|Piemonte|CN|12040
Feregotti|Aleandro|M|05/11/1904|FRGLDR04S05E693P|Cairo Montenotte|Liguria|SV|17014
Cianciulli|Gianluigi|M|12/05/1943|CNCGLG43E12I676H|Vogher|Lombardia|PV|27010
Ghigliotto|Eros|M|07/07/1939|GHGRSE39L07D733H|Chiopris-Viscone|Friuli-Venezia Giulia|UD|33040
Buonomini|Romina|F|24/11/1932|BNMRMN32S64B830J|Uta|Sardegna|CA|09010
Leonetti|Nazzareno|M|03/09/1957|LNTNZR57P03G408S|Casasco d'Intelvi|Lombardia|CO|22022
Moretto|Flavio|M|16/11/1903|MRTFLV03S16E825T|Arco|Trentino Alto Adige|TN|38062
Mazzi|Vanessa|F|13/04/2004|MZZVSS04D53I142C|Marianopoli|Sicilia|CL|93010
Tedoldini|Antonello|M|22/07/1956|TDLNNL56L22D512N|Corteno Golgi|Lombardia|BS|25040
Zoccolanti|Battista|M|23/01/1921|ZCCBTS21A23H056D|Zone|Lombardia|BS|25050
Natta|Antonio|M|05/06/1977|NTTNTN77H05A850Q|Ceresole Reale|Piemonte|TO|10080
Invernizzi|Severino|M|19/07/2015|NVRSRN15L19I545B|Villar Pellice|Piemonte|TO|10060
Mosto|Erasmo|M|30/09/1968|MSTRSM68P30B070B|Vallata|Campania|AV|83059
Cocuzza|Ettore|M|09/05/1919|CCZTTR19E09M077A|Pietramelara|Campania|CE|81051
Loreo|Irene|F|29/07/1947|LRORNI47L69E041D|Giurdignano|Puglia|LE|73020
Caldarola|Claudia|F|03/07/1930|CLDCLD30L43F672I|Montaguto|Campania|AV|83030
Somaschi|Valeriano|M|24/10/1968|SMSVRN68R24G311E|Osoppo|Friuli-Venezia Giulia|UD|33010
Cecchinello|Amleto|M|01/01/1913|CCCMLT13A01L910H|Pomarance|Toscana|PI|56045
Bombonato|Alessia|F|03/06/2010|BMBLSS10H43I125A|Londa|Toscana|FI|50060
Amoretto|Emiliano|M|27/08/1986|MRTMLN86M27D755W|Montecastello|Piemonte|AL|15040
Boi|Emma|F|24/05/1971|BOIMME71E64G642J|Villanova Biellese|Piemonte|VC|13030
Richetto|Donatella|F|13/06/1938|RCHDTL38H53A101V|Gualdo|Marche|MC|62020
Fusacchia|Simone|M|24/06/1935|FSCSMN35H24L414Z|Somaglia|Lombardia|MI|20070
Bugna|Costante|M|31/08/2008|BGNCTN08M31I669F|Aprica|Lombardia|SO|23031
Pancotti|Raffaella|F|14/12/1988|PNCRFL88T54I065P|Villafalletto|Piemonte|CN|12020
Iacopo|Edda|F|29/11/1925|CPIDDE25S69D206V|Vigo Rendena|Trentino Alto Adige|TN|38080
Cortellini|Alberico|M|16/12/1948|CRTLRC48T16L569Z|Casale Monferrato|Piemonte|AL|15033
Marrocu|Eva|F|12/10/2006|MRRVEA06R52A425S|Gambugliano|Veneto|VI|36050
Guercilena|Macario|M|16/10/2011|GRCMCR11R16E564Y|Misilmeri|Sicilia|PA|90036
Lugrini|Semplicio|M|21/06/1949|LGRSPL49H21C675U|Colonnella|Abruzzo|TE|64010
Pardo|Simone|M|09/05/1946|PRDSMN46E09C876I|Villanova Marchesana|Veneto|RO|45030
Tagiasco|Isidoro|M|26/07/1963|TGSSDR63L26I982Z|Orta San Giulio|Piemonte|NO|28016
Azara|Anselmo|M|09/01/1937|ZRANLM37A09B447H|Matera|Basilicata|MT|75100
Pitari|Eliana|F|13/07/1958|PTRLNE58L53E961D|Maratea|Basilicata|PZ|85046
Persico|Taide|M|28/11/1987|PRSTDA87S28D974B|Storo|Trentino Alto Adige|TN|38089
Gorlani|Santina|F|23/03/1951|GRLSTN51C63G546V|Sassano|Campania|SA|84038
Di Palma|Aldobrando|M|01/01/1901|DPLLBR01A01C613E|Maiori|Campania|SA|84010
Giaveri|Onofrio|M|12/01/1999|GVRNFR99A12B682X|Caprie|Piemonte|TO|10040
Aloisio|Lodovico|M|30/12/1910|LSALVC10T30G202C|Issime|Val D'Aosta|AO|11020
Ottone|Landolfo|M|11/10/1927|TTNLDL27R11I373C|Ortona|Abruzzo|CH|66026
Gabrieli|Viviana|F|22/04/1968|GBRVVN68D62E179L|Ceresole Reale|Piemonte|TO|10080
Tofano|Attilio|M|29/01/1980|TFNTTL80A29F483Z|Mercogliano|Campania|AV|83013
Clun|Virgilio|M|06/09/1918|CLNVGL18P06G837Y|Pallagorio|Calabria|CZ|88070
Ferlito|Valerico|M|22/08/1938|FRLVRC38M22H014T|Cavaglio d'Agogna|Piemonte|NO|28010
Rosato|Baldovino|M|12/07/2016|RSTBDV16L12I214E|Bassano in Teverina|Lazio|VT|01030
Maestrello|Franca|F|25/03/1915|MSTFNC15C65D208D|Castenaso|Emilia Romagna|BO|40055
Arici|Aida|F|08/08/1941|RCADAI41M48E962G|Torre Mondovì|Piemonte|CN|12080
Paiaro|Diomede|M|09/09/1993|PRADMD93P09C513M|Graglia|Piemonte|VC|13050
Cuneo|Placido|M|04/11/2010|CNUPCD10S04E371S|Netro|Piemonte|VC|13050
Rizzari|Ciriaco|M|30/01/1950|RZZCRC50A30I829G|Gonnosnò|Sardegna|OR|09090
Melandro|Nazario|M|23/04/1913|MLNNZR13D23L104L|Pontecagnano Faiano|Campania|SA|84098
Pedroncelli|Sansone|M|05/04/1917|PDRSSN17D05E246I|Fontanellato|Emilia Romagna|PR|43012
Bonaventura|Elisa|F|28/04/1964|BNVLSE64D68G334W|Castellero|Piemonte|AT|14011
Mazzavillani|Tiberio|M|20/09/1977|MZZTBR77P20H359Q|Berlingo|Lombardia|BS|25030
Vignoli|Folco|M|26/06/1951|VGNFLC51H26E784D|Belvedere Langhe|Piemonte|CN|12060
Zorzati|Rolando|M|05/10/1990|ZRZRND90R05E705X|Carife|Campania|AV|83040
Cosmacini|Efisio|M|25/03/1954|CSMFSE54C25F509I|Chivasso|Piemonte|TO|10034
Migliore|Marta|F|30/12/1964|MGLMRT64T70D708R|Bolsena|Lazio|VT|01023
Giaccone|Mina|F|05/09/1978|GCCMNI78P45I382F|Carrè|Veneto|VI|36010
Piccioni|Ciriaco|M|07/07/1925|PCCCRC25L07B742C|Vescovato|Lombardia|CR|26039
Ghirardello|Battista|M|25/12/1988|GHRBTS88T25E496A|Tregnago|Veneto|VR|37039
Damiani|Zenobio|M|01/09/1962|DMNZNB62P01B351O|Mistretta|Sicilia|ME|98073
Buscema|Salvatore|M|15/04/1925|BSCSVT25D15I305Z|Malonno|Lombardia|BS|25040
Baldessarri|Gaia|F|18/03/1979|BLDGAI79C58B836W|Lupara|Molise|CB|86030
Vignoli|Berenice|F|19/11/1968|VGNBNC68S59M253T|Pieve di Sacco|Veneto|PD|35028
Formichi|Imelda|F|26/07/1942|FRMMLD42L66B461P|Barlassina|Lombardia|MI|20030
Ganza|Salomone|M|06/11/2000|GNZSMN00S06C700S|Candidoni|Calabria|RC|89020
Scicli|Igor|M|12/06/1905|SCCGRI05H12C839L|Osasco|Piemonte|TO|10060
D'Iorio|Cleopatra|F|11/09/1907|DRICPT07P51H566U|Stazzano|Piemonte|AL|15060
Alfiere|Ermete|M|27/09/2014|LFRRMT14P27D572V|Bastida Pancarana|Lombardia|PV|27050
Cardarelli|Mariella|F|27/10/1941|CRDMLL41R67E027R|Omignano|Campania|SA|84060
Demartinis|Terenzio|M|19/09/1947|DMRTNZ47P19G387O|Mantello|Lombardia|SO|23016
Fucci|Ennio|M|01/06/1943|FCCNNE43H01H839G|Ceranesi|Liguria|GE|16014
Nervi|Giuseppina|F|24/10/2004|NRVGPP04R64D568K|Martirano Lombardo|Calabria|CZ|88040
Brandello|Camillo|M|30/06/1996|BRNCLL96H30G134Q|Rio Saliceto|Emilia Romagna|RE|42010
Demauro|Gianpaolo|M|18/07/1982|DMRGPL82L18H659K|Casal di Principe|Campania|CE|81033
Maserati|Viviano|M|26/09/1920|MSRVVN20P26E297S|Nus|Val D'Aosta|AO|11020
Peddiu|Giorgia|F|22/11/1949|PDDGRG49S62E416Z|Abbadia Cerreto|Lombardia|MI|20070
Faverio|Annamaria|F|05/05/2000|FVRNMR00E45E038O|Casoli|Abruzzo|CH|66043
Sangiorgio|Simeone|M|27/06/1936|SNGSMN36H27D814O|Gazzuolo|Lombardia|MN|46010
Bonacolsi|Albino|M|12/04/1981|BNCLBN81D12E869V|Rignano Flaminio|Lazio|RM|00068
Iannuzzelli|Loris|M|19/03/1915|NNZLRS15C19I736M|Pienza|Toscana|SI|53026
Scaccini|Sempronio|M|04/09/1990|SCCSPR90P04D540H|Ceneselli|Veneto|RO|45030
Pietro|Francesca|F|25/09/2001|PTRFNC01P65L816X|Candida|Campania|AV|83040
Alghisio|Tolomeo|M|25/09/1905|LGHTLM05P25C398T|Potenza|Basilicata|PZ|85100
Mori|Donatella|F|01/06/1928|MRODTL28H41L913S|Valentano|Lazio|VT|01018
Spanalatte|Iolanda|F|16/01/1993|SPNLND93A56C361L|Ponzano Romano|Lazio|RM|00060
Bilotto|Nico|M|13/09/2016|BLTNCI16P13H186U|Monastir|Sardegna|CA|09023
Principe|Addolorata|F|03/07/1996|PRNDLR96L43E981J|Allai|Sardegna|OR|09080
Gambella|Grazia|F|25/08/1980|GMBGRZ80M65L020H|Cicerale|Campania|SA|84053
Padula|Fabiola|F|21/05/1941|PDLFBL41E61G795S|Casaloldo|Lombardia|MN|46040
Paoletti|Consolata|F|17/02/2011|PLTCSL11B57I176C|Cottanello|Lazio|RI|02040
Ariolo|Panfilo|M|27/07/1968|RLAPFL68L27D201J|Marcellina|Lazio|RM|87020
Unali|Caterina|F|21/09/1935|NLUCRN35P61I868N|San possidonio|Emilia Romagna|MO|41039
Polelli|Sibilla|F|22/12/1962|PLLSLL62T62C489D|Mezzana Mortigliengo|Piemonte|VC|13050
Pooli|Ruperto|M|29/07/1951|PLORRT51L29B706N|Cicciano|Campania|NA|80033
Zuanella|Sigfrido|M|15/03/1926|ZNLSFR26C15E403I|Ovaro|Friuli-Venezia Giulia|UD|33025
Scicli|Magda|F|07/02/2016|SCCMGD16B47F283X|Teggiano|Campania|SA|84039
Molè|Eleonora|F|12/04/1916|MLOLNR16D52F634N|Brusciano|Campania|NA|80031
De Leonardis|Melania|F|15/04/1998|DLNMLN98D55E919M|Selva in Val Gardena|Trentino Alto Adige|BZ|39048
Alberghini|Ismaele|M|28/12/2014|LBRSML14T28H037X|Pinasca|Piemonte|TO|10060
Camera|Narciso|M|10/07/2004|CMRNCS04L10B145M|Marsaglia|Piemonte|CN|12060
Codeleoncini|Rosanna|F|15/02/1970|CDLRNN70B55L220M|Fontechiari|Lazio|FR|03030
Viviani|Daniele|M|25/05/1987|VVNDNL87E25C883P|Marcedusa|Calabria|CZ|88050
Fusello|Glauco|M|14/07/1927|FSLGLC27L14D474X|Campoli del Monte Taburno|Campania|BN|82030
Fariseo|Beniamino|M|16/01/1999|FRSBMN99A16D901P|Villamarzana|Veneto|RO|45030
Portinari|Norina|F|13/12/1920|PRTNRN20T53E602T|Ucria|Sicilia|ME|98060
Larosa|Duilio|M|18/02/1925|LRSDLU25B18L250I|Marnate|Lombardia|VA|21050
Asfinio|Lucia|F|21/08/1994|SFNLCU94M61A271E|Cerveteri|Lazio|RM|00052
Tasconi|Lidia|F|15/08/1949|TSCLDI49M55E223F|Calco|Lombardia|CO|22050
Sarritzu|Vittorio|M|05/07/2007|SRRVTR07L05L380L|Fontanelle|Veneto|TV|31043
Galluzzo|Nazzaro|M|08/02/1998|GLLNZR98B08D159E|Valnegra|Lombardia|BG|24010
Dolci|Sofronia|F|28/10/1941|DLCSRN41R68A154P|Curino|Piemonte|VC|13060
Ginami|Daniela|F|22/10/1985|GNMDNL85R62A413K|Brozolo|Piemonte|TO|10020
Arpino|Mauro|M|30/04/1905|RPNMRA05D30A000E|Montepulciano|Toscana|SI|53045
Scorpio|Fiorenzo|M|16/01/1983|SCRFNZ83A16L239V|Secinaro|Abruzzo|AQ|67029
Piani|Mirella|F|02/03/1928|PNIMLL28C42A633K|Posada|Sardegna|NU|08020
Soave|Gedeone|M|03/03/1922|SVOGDN22C03E958I|Vesime|Piemonte|AT|14059
Attolini|Procopio|M|17/04/1921|TTLPCP21D17C134N|Bagnolo Piemonte|Piemonte|CN|12031
Rastelli|Mirko|M|09/01/2016|RSTMRK16A09C723W|Camporotondo di Fiastrone|Marche|MC|62020
Brunozzi|Raniero|M|13/07/1990|BRNRNR90L13C307U|Lucinasco|Liguria|IM|18023
Sion|Eufemio|M|24/08/1990|SNIFME90M24M015S|Romagnano Sesia|Piemonte|NO|28078
Gnesi|Natale|M|09/07/1939|GNSNTL39L09I657I|Forni di Sopra|Friuli-Venezia Giulia|UD|33024
Cusinati|Sara|F|07/03/1939|CSNSRA39C47F481D|Calabritto|Campania|AV|83040
Aucelli|Dalila|F|17/05/1965|CLLDLL65E57F713P|Marsaglia|Piemonte|CN|12060
Fusello|Giovanna|F|08/11/1925|FSLGNN25S48H787M|San Giovanni in Persiceto|Emilia Romagna|BO|40017
Sansone|Lara|F|31/10/1986|SNSLRA86R71I137U|Sala Comacina|Lombardia|CO|22010
Costarella|Carlotta|F|08/03/1913|CSTCLT13C48H265U|Allein|Val D'Aosta|AO|11010
Primieri|Donata|F|13/01/1921|PRMDNT21A53C140C|Marzio|Lombardia|VA|21030
Monasso|Melania|F|12/05/1975|MNSMLN75E52B988G|Viticuso|Lazio|FR|03040
Balzan|Luana|F|23/10/1925|BLZLNU25R63H637C|Menconico|Lombardia|PV|27050
Toni|Ciriaco|M|07/04/1941|TNOCRC41D07B878A|Paternopoli|Campania|AV|83052
Pescetto|Celso|M|03/04/1965|PSCCLS65D03A247G|Mugnano del Cardinale|Campania|AV|83027
Marzocchetti|Edda|F|07/01/1940|MRZDDE40A47H175A|Tione degli Abruzzi|Abruzzo|AQ|67020
Amedali|Giuditta|F|24/08/1936|MDLGTT36M64G929E|Villastellone|Piemonte|TO|10029
Giacometto|Gianluca|M|18/11/2013|GCMGLC13S18G214Z|Calcinato|Lombardia|BS|25011
Musso|Bonifacio|M|05/05/1987|MSSBFC87E05D415I|Furore|Campania|SA|84010
Trotti|Osvaldo|M|28/12/2005|TRTSLD05T28G907Z|Racconigi|Piemonte|CN|12035
Cardillo|Amerigo|M|12/10/1971|CRDMRG71R12F622K|Casalbeltrame|Piemonte|NO|28060
Scuratti|Fermo|M|17/02/2004|SCRFRM04B17A588G|Sant'Agata di Puglia|Puglia|FG|71028
Surdo|Annunziata|F|10/07/1977|SRDNNZ77L50L281W|Avola|Sicilia|SR|96012
Pazzi|Simone|M|20/10/2003|PZZSMN03R20G152B|Tribogna|Liguria|GE|16030
Affini|Emanuela|F|09/09/1950|FFNMNL50P49F216S|Sernaglia della Battaglia|Veneto|TV|31020
Simon|Lodovica|F|09/03/1910|SMNLVC10C49I473Y|Lattarico|Calabria|CS|87010
Scordio|Bianca|F|20/08/2003|SCRBNC03M60G685M|Calto|Veneto|RO|45030
Batto|Romeo|M|10/11/1909|BTTRMO09S10A930B|Petritoli|Marche|AP|63027
Duca|Simonetta|F|28/05/1931|DCUSNT31E68F734C|Brittoli|Abruzzo|PE|65010
Boni|Valeriana|F|17/10/1920|BNOVRN20R57L561B|Calice Ligure|Liguria|SV|17020
Folla|Sandro|M|02/06/1981|FLLSDR81H02D943R|Val della Torre|Piemonte|TO|10040
Caramello|Zefiro|M|25/05/1921|CRMZFR21E25F559N|Calvera|Basilicata|PZ|85030
Libero|Loredana|F|15/07/1957|LBRLDN57L55E086K|Collazzone|Umbria|PG|06050
Niccolai|Sandra|F|17/02/1932|NCCSDR32B57H047Z|Tarsia|Calabria|CS|87040
Barbarino|Assunta|F|16/10/1977|BRBSNT77R56E462U|Falconara Marittima|Marche|AN|60015
Nania|Susanna|F|15/12/1904|NNASNN04T55G660U|Andalo Valtellino|Lombardia|SO|23014
Agosta|Sandra|F|27/01/1965|GSTSDR65A67G145A|San Potito Sannitico|Campania|CE|81010
Oriolo|Aimone|M|27/05/2013|RLOMNA13E27A600F|Orte|Lazio|VT|01028
Corradi|Ludovico|M|21/08/1997|CRRLVC97M21D256Z|Villar San Costanzo|Piemonte|CN|12020
Vaglio|Augusto|M|17/01/1923|VGLGST23A17L262H|Ziano Piacentino|Emilia Romagna|PC|29010
Somenzi|Samanta|F|06/04/2016|SMNSNT16D46G965X|Terrazzo|Veneto|VR|37040
Bajocco|Cirino|M|26/11/1925|BJCCRN25S26A613V|Settimo Vittone|Piemonte|TO|10010
Guzzanti|Ferdinando|M|04/04/1921|GZZFDN21D04D061Q|Paola|Calabria|CS|87027
Brodo|Eva|F|28/01/1945|BRDVEA45A68F416U|Leonessa|Lazio|RI|02016
Seculini|Sofia|F|20/06/1908|SCLSFO08H60E466A|Baone|Veneto|PD|35030
Pulidoro|Rosa|F|03/11/1991|PLDRSO91S43F165D|Alluvioni Cambiò|Piemonte|AL|15040
Telloli|Romeo|M|04/10/1910|TLLRMO10R04B694Z|Marcon|Veneto|VE|30020
Mannaro|Asdrubale|M|06/06/1953|MNNSRB53H06H996W|Aulla|Toscana|MS|54011
Rizzuti|Lara|F|06/12/1999|RZZLRA99T46L278Y|San Giovanni Teatino|Abruzzo|CH|66020
Neretti|Ofelia|F|06/02/2011|NRTFLO11B46C677F|Annicco|Lombardia|CR|26021
Revelli|Aristotele|M|26/09/1969|RVLRTT69P26E466F|Castelletto Molina|Piemonte|AT|14040
Bortolotti|Guenda|F|11/08/1960|BRTGND60M51I135S|Salcito|Molise|CB|86026
Celotto|Anselmo|M|04/08/1943|CLTNLM43M04I280Q|Lozio|Lombardia|BS|25040
De Sciglio|Novella|F|17/04/1934|DSCNLL34D57G519J|Longhena|Lombardia|BS|25030
Canu|Landolfo|M|02/02/1937|CNALDL37B02A502H|Paduli|Campania|BN|82020
Aloe|Orazio|M|09/05/1916|LAORZO16E09C187C|Castello Tesino|Trentino Alto Adige|TN|38053
Pancera|Roberta|F|21/11/1942|PNCRRT42S61D271F|Calvignano|Lombardia|PV|27045
Santone|Ildebrando|M|19/06/2004|SNTLBR04H19H588C|Roiate|Lazio|RM|00030
Pierluca|Leda|F|06/05/1906|PRLLDE06E46B626K|Porpetto|Friuli-Venezia Giulia|UD|33050
Romanoni|Linda|F|12/08/1983|RMNLND83M52L667R|Gonnostramatza|Sardegna|OR|09093
Picchio|Petronio|M|18/07/1915|PCCPRN15L18G866R|Castel Vittorio|Liguria|IM|18030
Sangion|Antonello|M|06/08/1904|SNGNNL04M06L109Y|Santa Ninfa|Sicilia|TP|91029
Costucci|Rosalinda|F|19/01/1900|CSTRLN00A59L015V|Ruoti|Basilicata|PZ|85056
Benato|Bruno|M|02/02/1912|BNTBRN12B02A823G|Varallo Pombia|Piemonte|NO|28040
Mastrogiacomi|Tazio|M|17/08/1923|MSTTZA23M17G402A|Palù|Veneto|VR|37050
Giambi|Callisto|M|19/08/1961|GMBCLS61M19F295J|Premariacco|Friuli-Venezia Giulia|UD|33040
Abrioni|Elvira|F|11/06/1930|BRNLVR30H51A941Z|Selegas|Sardegna|CA|09040
Loria|Paola|F|10/03/1962|LROPLA62C50F311O|Monte Isola|Lombardia|BS|25050
Pinello|Ottaviano|M|15/04/1908|PNLTVN08D15H987P|Montefranco|Umbria|TR|05030